芭贰老磊,芭贰矫埃,瘤开,楷丰盔,惯傈樊(MWh)
2023-12-01,1,腊瘤,浅仿,706.271491
2023-12-01,2,腊瘤,浅仿,660.160938
2023-12-01,3,腊瘤,浅仿,650.606714
2023-12-01,4,腊瘤,浅仿,684.363459
2023-12-01,5,腊瘤,浅仿,697.229672
2023-12-01,6,腊瘤,浅仿,686.975524
2023-12-01,7,腊瘤,浅仿,683.180904
2023-12-01,8,腊瘤,浅仿,667.393487
2023-12-01,9,腊瘤,浅仿,639.062735
2023-12-01,10,腊瘤,浅仿,659.591274
2023-12-01,11,腊瘤,浅仿,575.172933
2023-12-01,12,腊瘤,浅仿,554.438646
2023-12-01,13,腊瘤,浅仿,541.980005
2023-12-01,14,腊瘤,浅仿,561.656518
2023-12-01,15,腊瘤,浅仿,588.848755
2023-12-01,16,腊瘤,浅仿,619.893646
2023-12-01,17,腊瘤,浅仿,667.669485
2023-12-01,18,腊瘤,浅仿,768.620376
2023-12-01,19,腊瘤,浅仿,828.216721
2023-12-01,20,腊瘤,浅仿,773.505373
2023-12-01,21,腊瘤,浅仿,725.97058
2023-12-01,22,腊瘤,浅仿,618.354121
2023-12-01,23,腊瘤,浅仿,605.72944
2023-12-01,24,腊瘤,浅仿,581.274895
2023-12-02,1,腊瘤,浅仿,600.929588
2023-12-02,2,腊瘤,浅仿,613.274583
2023-12-02,3,腊瘤,浅仿,678.409058
2023-12-02,4,腊瘤,浅仿,657.649903
2023-12-02,5,腊瘤,浅仿,675.182138
2023-12-02,6,腊瘤,浅仿,756.262718
2023-12-02,7,腊瘤,浅仿,761.01143
2023-12-02,8,腊瘤,浅仿,713.735122
2023-12-02,9,腊瘤,浅仿,673.561797
2023-12-02,10,腊瘤,浅仿,687.192094
2023-12-02,11,腊瘤,浅仿,685.380254
2023-12-02,12,腊瘤,浅仿,702.89254
2023-12-02,13,腊瘤,浅仿,707.771398
2023-12-02,14,腊瘤,浅仿,643.4509
2023-12-02,15,腊瘤,浅仿,627.821383
2023-12-02,16,腊瘤,浅仿,659.546804
2023-12-02,17,腊瘤,浅仿,670.630855
2023-12-02,18,腊瘤,浅仿,697.936539
2023-12-02,19,腊瘤,浅仿,747.311406
2023-12-02,20,腊瘤,浅仿,786.561435
2023-12-02,21,腊瘤,浅仿,822.242535
2023-12-02,22,腊瘤,浅仿,799.229397
2023-12-02,23,腊瘤,浅仿,848.919014
2023-12-02,24,腊瘤,浅仿,927.068375
2023-12-03,1,腊瘤,浅仿,950.8737
2023-12-03,2,腊瘤,浅仿,919.517372
2023-12-03,3,腊瘤,浅仿,860.776091
2023-12-03,4,腊瘤,浅仿,742.550471
2023-12-03,5,腊瘤,浅仿,705.266915
2023-12-03,6,腊瘤,浅仿,550.55157
2023-12-03,7,腊瘤,浅仿,429.917162
2023-12-03,8,腊瘤,浅仿,339.807638
2023-12-03,9,腊瘤,浅仿,210.601422
2023-12-03,10,腊瘤,浅仿,172.961404
2023-12-03,11,腊瘤,浅仿,121.800065
2023-12-03,12,腊瘤,浅仿,104.727879
2023-12-03,13,腊瘤,浅仿,107.261245
2023-12-03,14,腊瘤,浅仿,101.12912
2023-12-03,15,腊瘤,浅仿,102.516082
2023-12-03,16,腊瘤,浅仿,100.462897
2023-12-03,17,腊瘤,浅仿,102.733612
2023-12-03,18,腊瘤,浅仿,129.638723
2023-12-03,19,腊瘤,浅仿,166.068147
2023-12-03,20,腊瘤,浅仿,215.454516
2023-12-03,21,腊瘤,浅仿,256.946628
2023-12-03,22,腊瘤,浅仿,271.024183
2023-12-03,23,腊瘤,浅仿,313.825518
2023-12-03,24,腊瘤,浅仿,365.708851
2023-12-04,1,腊瘤,浅仿,408.982407
2023-12-04,2,腊瘤,浅仿,442.04539
2023-12-04,3,腊瘤,浅仿,435.798705
2023-12-04,4,腊瘤,浅仿,452.262668
2023-12-04,5,腊瘤,浅仿,469.560065
2023-12-04,6,腊瘤,浅仿,465.305914
2023-12-04,7,腊瘤,浅仿,473.914207
2023-12-04,8,腊瘤,浅仿,438.804647
2023-12-04,9,腊瘤,浅仿,415.87002
2023-12-04,10,腊瘤,浅仿,421.204396
2023-12-04,11,腊瘤,浅仿,366.218309
2023-12-04,12,腊瘤,浅仿,299.634589
2023-12-04,13,腊瘤,浅仿,294.02462
2023-12-04,14,腊瘤,浅仿,308.738806
2023-12-04,15,腊瘤,浅仿,277.22098
2023-12-04,16,腊瘤,浅仿,300.669551
2023-12-04,17,腊瘤,浅仿,314.676744
2023-12-04,18,腊瘤,浅仿,356.89373
2023-12-04,19,腊瘤,浅仿,373.213781
2023-12-04,20,腊瘤,浅仿,385.304804
2023-12-04,21,腊瘤,浅仿,333.702011
2023-12-04,22,腊瘤,浅仿,281.889454
2023-12-04,23,腊瘤,浅仿,261.326187
2023-12-04,24,腊瘤,浅仿,276.852695
2023-12-05,1,腊瘤,浅仿,288.097355
2023-12-05,2,腊瘤,浅仿,221.432188
2023-12-05,3,腊瘤,浅仿,159.439281
2023-12-05,4,腊瘤,浅仿,99.351068
2023-12-05,5,腊瘤,浅仿,43.664387
2023-12-05,6,腊瘤,浅仿,21.945379
2023-12-05,7,腊瘤,浅仿,55.87561
2023-12-05,8,腊瘤,浅仿,60.959542
2023-12-05,9,腊瘤,浅仿,39.800656
2023-12-05,10,腊瘤,浅仿,70.89958
2023-12-05,11,腊瘤,浅仿,63.832274
2023-12-05,12,腊瘤,浅仿,36.022113
2023-12-05,13,腊瘤,浅仿,6.019517
2023-12-05,14,腊瘤,浅仿,7.126359
2023-12-05,15,腊瘤,浅仿,8.156861
2023-12-05,16,腊瘤,浅仿,9.845015
2023-12-05,17,腊瘤,浅仿,12.988531
2023-12-05,18,腊瘤,浅仿,33.307494
2023-12-05,19,腊瘤,浅仿,37.360146
2023-12-05,20,腊瘤,浅仿,40.695156
2023-12-05,21,腊瘤,浅仿,82.623081
2023-12-05,22,腊瘤,浅仿,92.70637
2023-12-05,23,腊瘤,浅仿,103.576806
2023-12-05,24,腊瘤,浅仿,194.485755
2023-12-06,1,腊瘤,浅仿,292.21357
2023-12-06,2,腊瘤,浅仿,318.024832
2023-12-06,3,腊瘤,浅仿,307.67842
2023-12-06,4,腊瘤,浅仿,390.911008
2023-12-06,5,腊瘤,浅仿,486.93612
2023-12-06,6,腊瘤,浅仿,517.488958
2023-12-06,7,腊瘤,浅仿,562.297553
2023-12-06,8,腊瘤,浅仿,568.288552
2023-12-06,9,腊瘤,浅仿,646.041371
2023-12-06,10,腊瘤,浅仿,677.661859
2023-12-06,11,腊瘤,浅仿,637.875534
2023-12-06,12,腊瘤,浅仿,557.9276
2023-12-06,13,腊瘤,浅仿,549.155771
2023-12-06,14,腊瘤,浅仿,637.622983
2023-12-06,15,腊瘤,浅仿,671.394419
2023-12-06,16,腊瘤,浅仿,707.147476
2023-12-06,17,腊瘤,浅仿,715.88063
2023-12-06,18,腊瘤,浅仿,804.82632
2023-12-06,19,腊瘤,浅仿,856.300574
2023-12-06,20,腊瘤,浅仿,954.998662
2023-12-06,21,腊瘤,浅仿,1026.520665
2023-12-06,22,腊瘤,浅仿,1048.752799
2023-12-06,23,腊瘤,浅仿,1142.691797
2023-12-06,24,腊瘤,浅仿,1137.972952
2023-12-07,1,腊瘤,浅仿,1160.454074
2023-12-07,2,腊瘤,浅仿,1141.715176
2023-12-07,3,腊瘤,浅仿,1153.146749
2023-12-07,4,腊瘤,浅仿,1121.796535
2023-12-07,5,腊瘤,浅仿,1093.047157
2023-12-07,6,腊瘤,浅仿,994.930334
2023-12-07,7,腊瘤,浅仿,837.800433
2023-12-07,8,腊瘤,浅仿,745.0938
2023-12-07,9,腊瘤,浅仿,647.330117
2023-12-07,10,腊瘤,浅仿,671.654033
2023-12-07,11,腊瘤,浅仿,610.631607
2023-12-07,12,腊瘤,浅仿,597.876253
2023-12-07,13,腊瘤,浅仿,581.58815
2023-12-07,14,腊瘤,浅仿,563.859438
2023-12-07,15,腊瘤,浅仿,538.696683
2023-12-07,16,腊瘤,浅仿,515.582116
2023-12-07,17,腊瘤,浅仿,547.941181
2023-12-07,18,腊瘤,浅仿,548.041623
2023-12-07,19,腊瘤,浅仿,532.633933
2023-12-07,20,腊瘤,浅仿,541.416741
2023-12-07,21,腊瘤,浅仿,593.55649
2023-12-07,22,腊瘤,浅仿,605.948012
2023-12-07,23,腊瘤,浅仿,600.370693
2023-12-07,24,腊瘤,浅仿,629.835766
2023-12-08,1,腊瘤,浅仿,678.150965
2023-12-08,2,腊瘤,浅仿,715.650017
2023-12-08,3,腊瘤,浅仿,710.688595
2023-12-08,4,腊瘤,浅仿,717.619232
2023-12-08,5,腊瘤,浅仿,721.387974
2023-12-08,6,腊瘤,浅仿,767.315841
2023-12-08,7,腊瘤,浅仿,819.14762
2023-12-08,8,腊瘤,浅仿,886.632859
2023-12-08,9,腊瘤,浅仿,925.019831
2023-12-08,10,腊瘤,浅仿,985.509223
2023-12-08,11,腊瘤,浅仿,959.513735
2023-12-08,12,腊瘤,浅仿,883.431382
2023-12-08,13,腊瘤,浅仿,802.494463
2023-12-08,14,腊瘤,浅仿,782.458954
2023-12-08,15,腊瘤,浅仿,767.196516
2023-12-08,16,腊瘤,浅仿,780.047365
2023-12-08,17,腊瘤,浅仿,776.498369
2023-12-08,18,腊瘤,浅仿,755.978827
2023-12-08,19,腊瘤,浅仿,822.000231
2023-12-08,20,腊瘤,浅仿,867.344121
2023-12-08,21,腊瘤,浅仿,856.570817
2023-12-08,22,腊瘤,浅仿,795.957454
2023-12-08,23,腊瘤,浅仿,768.049323
2023-12-08,24,腊瘤,浅仿,787.521976
2023-12-09,1,腊瘤,浅仿,817.848267
2023-12-09,2,腊瘤,浅仿,853.402551
2023-12-09,3,腊瘤,浅仿,795.731222
2023-12-09,4,腊瘤,浅仿,775.175746
2023-12-09,5,腊瘤,浅仿,732.722807
2023-12-09,6,腊瘤,浅仿,658.641336
2023-12-09,7,腊瘤,浅仿,661.89045
2023-12-09,8,腊瘤,浅仿,646.903192
2023-12-09,9,腊瘤,浅仿,637.511814
2023-12-09,10,腊瘤,浅仿,772.269642
2023-12-09,11,腊瘤,浅仿,762.924743
2023-12-09,12,腊瘤,浅仿,621.600778
2023-12-09,13,腊瘤,浅仿,557.741342
2023-12-09,14,腊瘤,浅仿,501.939457
2023-12-09,15,腊瘤,浅仿,417.115087
2023-12-09,16,腊瘤,浅仿,373.676181
2023-12-09,17,腊瘤,浅仿,356.621844
2023-12-09,18,腊瘤,浅仿,325.939327
2023-12-09,19,腊瘤,浅仿,189.956381
2023-12-09,20,腊瘤,浅仿,132.79344
2023-12-09,21,腊瘤,浅仿,138.350694
2023-12-09,22,腊瘤,浅仿,134.705798
2023-12-09,23,腊瘤,浅仿,120.17183
2023-12-09,24,腊瘤,浅仿,106.0855
2023-12-10,1,腊瘤,浅仿,82.892565
2023-12-10,2,腊瘤,浅仿,84.424469
2023-12-10,3,腊瘤,浅仿,69.172746
2023-12-10,4,腊瘤,浅仿,55.582482
2023-12-10,5,腊瘤,浅仿,50.674566
2023-12-10,6,腊瘤,浅仿,50.153159
2023-12-10,7,腊瘤,浅仿,81.149558
2023-12-10,8,腊瘤,浅仿,103.831811
2023-12-10,9,腊瘤,浅仿,114.444487
2023-12-10,10,腊瘤,浅仿,149.256505
2023-12-10,11,腊瘤,浅仿,120.760768
2023-12-10,12,腊瘤,浅仿,83.481194
2023-12-10,13,腊瘤,浅仿,58.624849
2023-12-10,14,腊瘤,浅仿,70.549128
2023-12-10,15,腊瘤,浅仿,89.411767
2023-12-10,16,腊瘤,浅仿,129.568871
2023-12-10,17,腊瘤,浅仿,145.210694
2023-12-10,18,腊瘤,浅仿,207.992133
2023-12-10,19,腊瘤,浅仿,283.665566
2023-12-10,20,腊瘤,浅仿,376.793457
2023-12-10,21,腊瘤,浅仿,411.748848
2023-12-10,22,腊瘤,浅仿,466.665777
2023-12-10,23,腊瘤,浅仿,439.317442
2023-12-10,24,腊瘤,浅仿,462.435659
2023-12-11,1,腊瘤,浅仿,461.971494
2023-12-11,2,腊瘤,浅仿,482.15055
2023-12-11,3,腊瘤,浅仿,529.070088
2023-12-11,4,腊瘤,浅仿,593.641539
2023-12-11,5,腊瘤,浅仿,643.522689
2023-12-11,6,腊瘤,浅仿,640.030141
2023-12-11,7,腊瘤,浅仿,676.92291
2023-12-11,8,腊瘤,浅仿,757.542457
2023-12-11,9,腊瘤,浅仿,737.472602
2023-12-11,10,腊瘤,浅仿,870.825995
2023-12-11,11,腊瘤,浅仿,919.926439
2023-12-11,12,腊瘤,浅仿,884.189623
2023-12-11,13,腊瘤,浅仿,806.816925
2023-12-11,14,腊瘤,浅仿,799.420924
2023-12-11,15,腊瘤,浅仿,849.726677
2023-12-11,16,腊瘤,浅仿,829.479726
2023-12-11,17,腊瘤,浅仿,819.0072
2023-12-11,18,腊瘤,浅仿,821.887702
2023-12-11,19,腊瘤,浅仿,774.441926
2023-12-11,20,腊瘤,浅仿,701.089611
2023-12-11,21,腊瘤,浅仿,712.395493
2023-12-11,22,腊瘤,浅仿,736.700938
2023-12-11,23,腊瘤,浅仿,776.38256
2023-12-11,24,腊瘤,浅仿,905.776231
2023-12-12,1,腊瘤,浅仿,864.082119
2023-12-12,2,腊瘤,浅仿,837.872739
2023-12-12,3,腊瘤,浅仿,833.592954
2023-12-12,4,腊瘤,浅仿,835.275568
2023-12-12,5,腊瘤,浅仿,752.555961
2023-12-12,6,腊瘤,浅仿,671.148932
2023-12-12,7,腊瘤,浅仿,649.080946
2023-12-12,8,腊瘤,浅仿,560.881372
2023-12-12,9,腊瘤,浅仿,560.53463
2023-12-12,10,腊瘤,浅仿,570.821423
2023-12-12,11,腊瘤,浅仿,478.628092
2023-12-12,12,腊瘤,浅仿,379.897949
2023-12-12,13,腊瘤,浅仿,305.232464
2023-12-12,14,腊瘤,浅仿,232.803558
2023-12-12,15,腊瘤,浅仿,190.296187
2023-12-12,16,腊瘤,浅仿,187.844777
2023-12-12,17,腊瘤,浅仿,228.422443
2023-12-12,18,腊瘤,浅仿,185.170937
2023-12-12,19,腊瘤,浅仿,139.145501
2023-12-12,20,腊瘤,浅仿,110.564951
2023-12-12,21,腊瘤,浅仿,98.746034
2023-12-12,22,腊瘤,浅仿,87.751872
2023-12-12,23,腊瘤,浅仿,82.258737
2023-12-12,24,腊瘤,浅仿,72.25355
2023-12-13,1,腊瘤,浅仿,76.360971
2023-12-13,2,腊瘤,浅仿,84.527246
2023-12-13,3,腊瘤,浅仿,96.246941
2023-12-13,4,腊瘤,浅仿,110.896386
2023-12-13,5,腊瘤,浅仿,143.278324
2023-12-13,6,腊瘤,浅仿,166.202521
2023-12-13,7,腊瘤,浅仿,141.997774
2023-12-13,8,腊瘤,浅仿,134.929932
2023-12-13,9,腊瘤,浅仿,119.981334
2023-12-13,10,腊瘤,浅仿,109.779869
2023-12-13,11,腊瘤,浅仿,72.842582
2023-12-13,12,腊瘤,浅仿,39.836842
2023-12-13,13,腊瘤,浅仿,21.888933
2023-12-13,14,腊瘤,浅仿,25.418224
2023-12-13,15,腊瘤,浅仿,24.173353
2023-12-13,16,腊瘤,浅仿,19.362618
2023-12-13,17,腊瘤,浅仿,28.771552
2023-12-13,18,腊瘤,浅仿,56.243747
2023-12-13,19,腊瘤,浅仿,100.865268
2023-12-13,20,腊瘤,浅仿,149.882117
2023-12-13,21,腊瘤,浅仿,205.807929
2023-12-13,22,腊瘤,浅仿,206.809322
2023-12-13,23,腊瘤,浅仿,240.944222
2023-12-13,24,腊瘤,浅仿,327.786605
2023-12-14,1,腊瘤,浅仿,357.81565
2023-12-14,2,腊瘤,浅仿,305.034329
2023-12-14,3,腊瘤,浅仿,295.1782
2023-12-14,4,腊瘤,浅仿,297.339872
2023-12-14,5,腊瘤,浅仿,316.8877
2023-12-14,6,腊瘤,浅仿,348.967682
2023-12-14,7,腊瘤,浅仿,401.846728
2023-12-14,8,腊瘤,浅仿,389.147693
2023-12-14,9,腊瘤,浅仿,371.361763
2023-12-14,10,腊瘤,浅仿,444.642383
2023-12-14,11,腊瘤,浅仿,428.160977
2023-12-14,12,腊瘤,浅仿,417.632257
2023-12-14,13,腊瘤,浅仿,387.215604
2023-12-14,14,腊瘤,浅仿,351.835269
2023-12-14,15,腊瘤,浅仿,361.534584
2023-12-14,16,腊瘤,浅仿,446.401825
2023-12-14,17,腊瘤,浅仿,529.932057
2023-12-14,18,腊瘤,浅仿,515.811663
2023-12-14,19,腊瘤,浅仿,626.092348
2023-12-14,20,腊瘤,浅仿,612.309299
2023-12-14,21,腊瘤,浅仿,580.257888
2023-12-14,22,腊瘤,浅仿,513.148609
2023-12-14,23,腊瘤,浅仿,427.689921
2023-12-14,24,腊瘤,浅仿,474.730867
2023-12-15,1,腊瘤,浅仿,474.581083
2023-12-15,2,腊瘤,浅仿,447.820467
2023-12-15,3,腊瘤,浅仿,371.73151
2023-12-15,4,腊瘤,浅仿,364.988438
2023-12-15,5,腊瘤,浅仿,361.073464
2023-12-15,6,腊瘤,浅仿,384.253279
2023-12-15,7,腊瘤,浅仿,329.453218
2023-12-15,8,腊瘤,浅仿,303.843414
2023-12-15,9,腊瘤,浅仿,220.475662
2023-12-15,10,腊瘤,浅仿,328.119383
2023-12-15,11,腊瘤,浅仿,381.208196
2023-12-15,12,腊瘤,浅仿,417.535791
2023-12-15,13,腊瘤,浅仿,446.184655
2023-12-15,14,腊瘤,浅仿,477.158397
2023-12-15,15,腊瘤,浅仿,387.430863
2023-12-15,16,腊瘤,浅仿,339.12651
2023-12-15,17,腊瘤,浅仿,331.086463
2023-12-15,18,腊瘤,浅仿,444.957025
2023-12-15,19,腊瘤,浅仿,468.217607
2023-12-15,20,腊瘤,浅仿,462.543224
2023-12-15,21,腊瘤,浅仿,441.403433
2023-12-15,22,腊瘤,浅仿,383.604558
2023-12-15,23,腊瘤,浅仿,387.215108
2023-12-15,24,腊瘤,浅仿,427.405408
2023-12-16,1,腊瘤,浅仿,458.760544
2023-12-16,2,腊瘤,浅仿,496.894673
2023-12-16,3,腊瘤,浅仿,567.068622
2023-12-16,4,腊瘤,浅仿,638.968393
2023-12-16,5,腊瘤,浅仿,776.957601
2023-12-16,6,腊瘤,浅仿,843.305579
2023-12-16,7,腊瘤,浅仿,866.664028
2023-12-16,8,腊瘤,浅仿,882.343809
2023-12-16,9,腊瘤,浅仿,873.608061
2023-12-16,10,腊瘤,浅仿,953.47659
2023-12-16,11,腊瘤,浅仿,951.424241
2023-12-16,12,腊瘤,浅仿,897.421189
2023-12-16,13,腊瘤,浅仿,833.780224
2023-12-16,14,腊瘤,浅仿,789.19998
2023-12-16,15,腊瘤,浅仿,779.521651
2023-12-16,16,腊瘤,浅仿,801.449997
2023-12-16,17,腊瘤,浅仿,826.542427
2023-12-16,18,腊瘤,浅仿,838.553702
2023-12-16,19,腊瘤,浅仿,865.931932
2023-12-16,20,腊瘤,浅仿,847.210238
2023-12-16,21,腊瘤,浅仿,834.060393
2023-12-16,22,腊瘤,浅仿,815.62873
2023-12-16,23,腊瘤,浅仿,818.804628
2023-12-16,24,腊瘤,浅仿,839.089729
2023-12-17,1,腊瘤,浅仿,828.909334
2023-12-17,2,腊瘤,浅仿,829.107594
2023-12-17,3,腊瘤,浅仿,819.266646
2023-12-17,4,腊瘤,浅仿,838.962711
2023-12-17,5,腊瘤,浅仿,820.767779
2023-12-17,6,腊瘤,浅仿,777.712675
2023-12-17,7,腊瘤,浅仿,703.906573
2023-12-17,8,腊瘤,浅仿,626.904762
2023-12-17,9,腊瘤,浅仿,555.977921
2023-12-17,10,腊瘤,浅仿,631.047938
2023-12-17,11,腊瘤,浅仿,648.402381
2023-12-17,12,腊瘤,浅仿,606.963405
2023-12-17,13,腊瘤,浅仿,560.076564
2023-12-17,14,腊瘤,浅仿,512.961398
2023-12-17,15,腊瘤,浅仿,455.181034
2023-12-17,16,腊瘤,浅仿,414.167109
2023-12-17,17,腊瘤,浅仿,411.03488
2023-12-17,18,腊瘤,浅仿,426.600289
2023-12-17,19,腊瘤,浅仿,442.638724
2023-12-17,20,腊瘤,浅仿,534.905334
2023-12-17,21,腊瘤,浅仿,557.484557
2023-12-17,22,腊瘤,浅仿,552.771976
2023-12-17,23,腊瘤,浅仿,551.233222
2023-12-17,24,腊瘤,浅仿,544.589829
2023-12-18,1,腊瘤,浅仿,538.684799
2023-12-18,2,腊瘤,浅仿,513.724337
2023-12-18,3,腊瘤,浅仿,483.035616
2023-12-18,4,腊瘤,浅仿,527.719618
2023-12-18,5,腊瘤,浅仿,569.372204
2023-12-18,6,腊瘤,浅仿,541.532231
2023-12-18,7,腊瘤,浅仿,458.228382
2023-12-18,8,腊瘤,浅仿,371.475602
2023-12-18,9,腊瘤,浅仿,358.909176
2023-12-18,10,腊瘤,浅仿,386.42705
2023-12-18,11,腊瘤,浅仿,357.534244
2023-12-18,12,腊瘤,浅仿,309.067736
2023-12-18,13,腊瘤,浅仿,209.737479
2023-12-18,14,腊瘤,浅仿,188.337888
2023-12-18,15,腊瘤,浅仿,138.236003
2023-12-18,16,腊瘤,浅仿,167.4301
2023-12-18,17,腊瘤,浅仿,161.684809
2023-12-18,18,腊瘤,浅仿,171.082341
2023-12-18,19,腊瘤,浅仿,156.16481
2023-12-18,20,腊瘤,浅仿,126.954553
2023-12-18,21,腊瘤,浅仿,155.938707
2023-12-18,22,腊瘤,浅仿,164.677229
2023-12-18,23,腊瘤,浅仿,162.657039
2023-12-18,24,腊瘤,浅仿,146.652601
2023-12-19,1,腊瘤,浅仿,142.446961
2023-12-19,2,腊瘤,浅仿,160.016252
2023-12-19,3,腊瘤,浅仿,175.535319
2023-12-19,4,腊瘤,浅仿,229.182006
2023-12-19,5,腊瘤,浅仿,238.021762
2023-12-19,6,腊瘤,浅仿,183.798075
2023-12-19,7,腊瘤,浅仿,156.645886
2023-12-19,8,腊瘤,浅仿,115.743671
2023-12-19,9,腊瘤,浅仿,83.669665
2023-12-19,10,腊瘤,浅仿,119.342821
2023-12-19,11,腊瘤,浅仿,109.135415
2023-12-19,12,腊瘤,浅仿,82.730302
2023-12-19,13,腊瘤,浅仿,62.645112
2023-12-19,14,腊瘤,浅仿,65.57863
2023-12-19,15,腊瘤,浅仿,96.982395
2023-12-19,16,腊瘤,浅仿,82.135192
2023-12-19,17,腊瘤,浅仿,73.430122
2023-12-19,18,腊瘤,浅仿,88.721344
2023-12-19,19,腊瘤,浅仿,101.496341
2023-12-19,20,腊瘤,浅仿,94.3167
2023-12-19,21,腊瘤,浅仿,161.523275
2023-12-19,22,腊瘤,浅仿,274.964234
2023-12-19,23,腊瘤,浅仿,384.944866
2023-12-19,24,腊瘤,浅仿,495.64442
2023-12-20,1,腊瘤,浅仿,554.982771
2023-12-20,2,腊瘤,浅仿,595.980879
2023-12-20,3,腊瘤,浅仿,618.606183
2023-12-20,4,腊瘤,浅仿,611.90134
2023-12-20,5,腊瘤,浅仿,655.809282
2023-12-20,6,腊瘤,浅仿,761.090951
2023-12-20,7,腊瘤,浅仿,815.539389
2023-12-20,8,腊瘤,浅仿,836.063269
2023-12-20,9,腊瘤,浅仿,842.911711
2023-12-20,10,腊瘤,浅仿,870.864836
2023-12-20,11,腊瘤,浅仿,861.806969
2023-12-20,12,腊瘤,浅仿,869.489499
2023-12-20,13,腊瘤,浅仿,874.042396
2023-12-20,14,腊瘤,浅仿,882.708889
2023-12-20,15,腊瘤,浅仿,886.091492
2023-12-20,16,腊瘤,浅仿,929.59111
2023-12-20,17,腊瘤,浅仿,963.445015
2023-12-20,18,腊瘤,浅仿,941.558675
2023-12-20,19,腊瘤,浅仿,938.288371
2023-12-20,20,腊瘤,浅仿,947.112926
2023-12-20,21,腊瘤,浅仿,929.686662
2023-12-20,22,腊瘤,浅仿,938.15639
2023-12-20,23,腊瘤,浅仿,892.692539
2023-12-20,24,腊瘤,浅仿,831.279211
2023-12-21,1,腊瘤,浅仿,787.552122
2023-12-21,2,腊瘤,浅仿,722.291026
2023-12-21,3,腊瘤,浅仿,664.486493
2023-12-21,4,腊瘤,浅仿,654.960223
2023-12-21,5,腊瘤,浅仿,775.03682
2023-12-21,6,腊瘤,浅仿,774.29532
2023-12-21,7,腊瘤,浅仿,724.202486
2023-12-21,8,腊瘤,浅仿,652.223908
2023-12-21,9,腊瘤,浅仿,605.740955
2023-12-21,10,腊瘤,浅仿,669.066346
2023-12-21,11,腊瘤,浅仿,623.220989
2023-12-21,12,腊瘤,浅仿,611.255507
2023-12-21,13,腊瘤,浅仿,629.735797
2023-12-21,14,腊瘤,浅仿,647.337021
2023-12-21,15,腊瘤,浅仿,623.537692
2023-12-21,16,腊瘤,浅仿,626.060344
2023-12-21,17,腊瘤,浅仿,640.541887
2023-12-21,18,腊瘤,浅仿,625.033551
2023-12-21,19,腊瘤,浅仿,597.71667
2023-12-21,20,腊瘤,浅仿,590.055524
2023-12-21,21,腊瘤,浅仿,624.182499
2023-12-21,22,腊瘤,浅仿,656.262272
2023-12-21,23,腊瘤,浅仿,664.155313
2023-12-21,24,腊瘤,浅仿,713.946535
2023-12-22,1,腊瘤,浅仿,687.478036
2023-12-22,2,腊瘤,浅仿,686.254108
2023-12-22,3,腊瘤,浅仿,693.597418
2023-12-22,4,腊瘤,浅仿,706.558855
2023-12-22,5,腊瘤,浅仿,694.181348
2023-12-22,6,腊瘤,浅仿,692.204257
2023-12-22,7,腊瘤,浅仿,693.243976
2023-12-22,8,腊瘤,浅仿,685.814092
2023-12-22,9,腊瘤,浅仿,621.964365
2023-12-22,10,腊瘤,浅仿,660.977975
2023-12-22,11,腊瘤,浅仿,676.356826
2023-12-22,12,腊瘤,浅仿,625.97192
2023-12-22,13,腊瘤,浅仿,554.601502
2023-12-22,14,腊瘤,浅仿,567.469691
2023-12-22,15,腊瘤,浅仿,559.58156
2023-12-22,16,腊瘤,浅仿,613.715461
2023-12-22,17,腊瘤,浅仿,610.255631
2023-12-22,18,腊瘤,浅仿,666.220322
2023-12-22,19,腊瘤,浅仿,680.698329
2023-12-22,20,腊瘤,浅仿,648.898283
2023-12-22,21,腊瘤,浅仿,613.204711
2023-12-22,22,腊瘤,浅仿,582.389715
2023-12-22,23,腊瘤,浅仿,592.808313
2023-12-22,24,腊瘤,浅仿,585.462463
2023-12-23,1,腊瘤,浅仿,621.242054
2023-12-23,2,腊瘤,浅仿,663.942102
2023-12-23,3,腊瘤,浅仿,638.932266
2023-12-23,4,腊瘤,浅仿,626.315089
2023-12-23,5,腊瘤,浅仿,634.620119
2023-12-23,6,腊瘤,浅仿,623.678754
2023-12-23,7,腊瘤,浅仿,614.380569
2023-12-23,8,腊瘤,浅仿,614.090823
2023-12-23,9,腊瘤,浅仿,535.670727
2023-12-23,10,腊瘤,浅仿,549.885327
2023-12-23,11,腊瘤,浅仿,443.905418
2023-12-23,12,腊瘤,浅仿,386.46398
2023-12-23,13,腊瘤,浅仿,362.255882
2023-12-23,14,腊瘤,浅仿,327.448988
2023-12-23,15,腊瘤,浅仿,316.155071
2023-12-23,16,腊瘤,浅仿,321.834296
2023-12-23,17,腊瘤,浅仿,331.122415
2023-12-23,18,腊瘤,浅仿,335.969761
2023-12-23,19,腊瘤,浅仿,358.379463
2023-12-23,20,腊瘤,浅仿,384.622681
2023-12-23,21,腊瘤,浅仿,341.819876
2023-12-23,22,腊瘤,浅仿,305.317617
2023-12-23,23,腊瘤,浅仿,291.679419
2023-12-23,24,腊瘤,浅仿,267.114516
2023-12-24,1,腊瘤,浅仿,219.09565
2023-12-24,2,腊瘤,浅仿,162.307167
2023-12-24,3,腊瘤,浅仿,166.362197
2023-12-24,4,腊瘤,浅仿,107.583867
2023-12-24,5,腊瘤,浅仿,78.124132
2023-12-24,6,腊瘤,浅仿,70.234209
2023-12-24,7,腊瘤,浅仿,76.951429
2023-12-24,8,腊瘤,浅仿,125.85745
2023-12-24,9,腊瘤,浅仿,149.414036
2023-12-24,10,腊瘤,浅仿,220.853788
2023-12-24,11,腊瘤,浅仿,219.325686
2023-12-24,12,腊瘤,浅仿,207.841826
2023-12-24,13,腊瘤,浅仿,267.338726
2023-12-24,14,腊瘤,浅仿,355.986318
2023-12-24,15,腊瘤,浅仿,431.31903
2023-12-24,16,腊瘤,浅仿,480.217422
2023-12-24,17,腊瘤,浅仿,447.285981
2023-12-24,18,腊瘤,浅仿,445.978271
2023-12-24,19,腊瘤,浅仿,445.895973
2023-12-24,20,腊瘤,浅仿,439.483691
2023-12-24,21,腊瘤,浅仿,445.510616
2023-12-24,22,腊瘤,浅仿,490.774954
2023-12-24,23,腊瘤,浅仿,501.570925
2023-12-24,24,腊瘤,浅仿,516.935895
2023-12-25,1,腊瘤,浅仿,553.432708
2023-12-25,2,腊瘤,浅仿,540.978106
2023-12-25,3,腊瘤,浅仿,602.680644
2023-12-25,4,腊瘤,浅仿,609.876462
2023-12-25,5,腊瘤,浅仿,593.399113
2023-12-25,6,腊瘤,浅仿,642.720102
2023-12-25,7,腊瘤,浅仿,619.98256
2023-12-25,8,腊瘤,浅仿,534.621734
2023-12-25,9,腊瘤,浅仿,574.855863
2023-12-25,10,腊瘤,浅仿,695.396441
2023-12-25,11,腊瘤,浅仿,741.592655
2023-12-25,12,腊瘤,浅仿,722.871232
2023-12-25,13,腊瘤,浅仿,689.411778
2023-12-25,14,腊瘤,浅仿,664.630172
2023-12-25,15,腊瘤,浅仿,620.165287
2023-12-25,16,腊瘤,浅仿,599.311597
2023-12-25,17,腊瘤,浅仿,542.503202
2023-12-25,18,腊瘤,浅仿,561.048923
2023-12-25,19,腊瘤,浅仿,559.085971
2023-12-25,20,腊瘤,浅仿,538.068924
2023-12-25,21,腊瘤,浅仿,588.108295
2023-12-25,22,腊瘤,浅仿,601.2794
2023-12-25,23,腊瘤,浅仿,622.06265
2023-12-25,24,腊瘤,浅仿,685.261429
2023-12-26,1,腊瘤,浅仿,690.549195
2023-12-26,2,腊瘤,浅仿,666.355784
2023-12-26,3,腊瘤,浅仿,663.436354
2023-12-26,4,腊瘤,浅仿,698.896679
2023-12-26,5,腊瘤,浅仿,682.229383
2023-12-26,6,腊瘤,浅仿,680.041133
2023-12-26,7,腊瘤,浅仿,660.344272
2023-12-26,8,腊瘤,浅仿,638.589291
2023-12-26,9,腊瘤,浅仿,642.874255
2023-12-26,10,腊瘤,浅仿,654.049502
2023-12-26,11,腊瘤,浅仿,639.699674
2023-12-26,12,腊瘤,浅仿,600.443482
2023-12-26,13,腊瘤,浅仿,528.778442
2023-12-26,14,腊瘤,浅仿,491.613146
2023-12-26,15,腊瘤,浅仿,441.558959
2023-12-26,16,腊瘤,浅仿,421.412505
2023-12-26,17,腊瘤,浅仿,421.433324
2023-12-26,18,腊瘤,浅仿,473.186607
2023-12-26,19,腊瘤,浅仿,459.725934
2023-12-26,20,腊瘤,浅仿,418.949691
2023-12-26,21,腊瘤,浅仿,415.909092
2023-12-26,22,腊瘤,浅仿,369.969933
2023-12-26,23,腊瘤,浅仿,370.932872
2023-12-26,24,腊瘤,浅仿,328.709605
2023-12-27,1,腊瘤,浅仿,281.052109
2023-12-27,2,腊瘤,浅仿,190.437044
2023-12-27,3,腊瘤,浅仿,159.760098
2023-12-27,4,腊瘤,浅仿,110.949527
2023-12-27,5,腊瘤,浅仿,55.184605
2023-12-27,6,腊瘤,浅仿,41.79289
2023-12-27,7,腊瘤,浅仿,19.868298
2023-12-27,8,腊瘤,浅仿,16.266002
2023-12-27,9,腊瘤,浅仿,13.090406
2023-12-27,10,腊瘤,浅仿,52.184872
2023-12-27,11,腊瘤,浅仿,44.46902
2023-12-27,12,腊瘤,浅仿,25.480304
2023-12-27,13,腊瘤,浅仿,0.440169
2023-12-27,14,腊瘤,浅仿,1.015666
2023-12-27,15,腊瘤,浅仿,2.348848
2023-12-27,16,腊瘤,浅仿,5.38664
2023-12-27,17,腊瘤,浅仿,12.580889
2023-12-27,18,腊瘤,浅仿,14.713573
2023-12-27,19,腊瘤,浅仿,14.333331
2023-12-27,20,腊瘤,浅仿,21.76853
2023-12-27,21,腊瘤,浅仿,23.749568
2023-12-27,22,腊瘤,浅仿,52.108102
2023-12-27,23,腊瘤,浅仿,100.763341
2023-12-27,24,腊瘤,浅仿,167.665548
2023-12-28,1,腊瘤,浅仿,201.843382
2023-12-28,2,腊瘤,浅仿,219.158647
2023-12-28,3,腊瘤,浅仿,237.046534
2023-12-28,4,腊瘤,浅仿,264.535847
2023-12-28,5,腊瘤,浅仿,292.374088
2023-12-28,6,腊瘤,浅仿,287.216559
2023-12-28,7,腊瘤,浅仿,283.233661
2023-12-28,8,腊瘤,浅仿,334.903594
2023-12-28,9,腊瘤,浅仿,351.648072
2023-12-28,10,腊瘤,浅仿,375.414274
2023-12-28,11,腊瘤,浅仿,369.335943
2023-12-28,12,腊瘤,浅仿,351.999325
2023-12-28,13,腊瘤,浅仿,336.822767
2023-12-28,14,腊瘤,浅仿,360.040074
2023-12-28,15,腊瘤,浅仿,389.271531
2023-12-28,16,腊瘤,浅仿,427.627111
2023-12-28,17,腊瘤,浅仿,430.404639
2023-12-28,18,腊瘤,浅仿,492.752654
2023-12-28,19,腊瘤,浅仿,531.456815
2023-12-28,20,腊瘤,浅仿,502.32915
2023-12-28,21,腊瘤,浅仿,444.718212
2023-12-28,22,腊瘤,浅仿,379.28874
2023-12-28,23,腊瘤,浅仿,348.709906
2023-12-28,24,腊瘤,浅仿,331.321555
2023-12-29,1,腊瘤,浅仿,285.362874
2023-12-29,2,腊瘤,浅仿,268.171578
2023-12-29,3,腊瘤,浅仿,259.797974
2023-12-29,4,腊瘤,浅仿,278.457262
2023-12-29,5,腊瘤,浅仿,350.212697
2023-12-29,6,腊瘤,浅仿,356.541738
2023-12-29,7,腊瘤,浅仿,271.779152
2023-12-29,8,腊瘤,浅仿,213.546651
2023-12-29,9,腊瘤,浅仿,182.437336
2023-12-29,10,腊瘤,浅仿,229.093236
2023-12-29,11,腊瘤,浅仿,255.028324
2023-12-29,12,腊瘤,浅仿,272.816755
2023-12-29,13,腊瘤,浅仿,262.600538
2023-12-29,14,腊瘤,浅仿,245.015571
2023-12-29,15,腊瘤,浅仿,290.329617
2023-12-29,16,腊瘤,浅仿,320.539659
2023-12-29,17,腊瘤,浅仿,387.504808
2023-12-29,18,腊瘤,浅仿,472.981817
2023-12-29,19,腊瘤,浅仿,469.891123
2023-12-29,20,腊瘤,浅仿,461.270587
2023-12-29,21,腊瘤,浅仿,406.619789
2023-12-29,22,腊瘤,浅仿,381.288308
2023-12-29,23,腊瘤,浅仿,406.572813
2023-12-29,24,腊瘤,浅仿,430.95508
2023-12-30,1,腊瘤,浅仿,437.552684
2023-12-30,2,腊瘤,浅仿,438.070359
2023-12-30,3,腊瘤,浅仿,361.521461
2023-12-30,4,腊瘤,浅仿,296.549525
2023-12-30,5,腊瘤,浅仿,187.957131
2023-12-30,6,腊瘤,浅仿,93.205745
2023-12-30,7,腊瘤,浅仿,74.761832
2023-12-30,8,腊瘤,浅仿,75.076487
2023-12-30,9,腊瘤,浅仿,49.6942
2023-12-30,10,腊瘤,浅仿,93.664841
2023-12-30,11,腊瘤,浅仿,109.440608
2023-12-30,12,腊瘤,浅仿,118.401328
2023-12-30,13,腊瘤,浅仿,100.593501
2023-12-30,14,腊瘤,浅仿,110.256176
2023-12-30,15,腊瘤,浅仿,176.041307
2023-12-30,16,腊瘤,浅仿,217.566087
2023-12-30,17,腊瘤,浅仿,172.244459
2023-12-30,18,腊瘤,浅仿,168.833162
2023-12-30,19,腊瘤,浅仿,150.837156
2023-12-30,20,腊瘤,浅仿,183.142752
2023-12-30,21,腊瘤,浅仿,216.928063
2023-12-30,22,腊瘤,浅仿,253.924983
2023-12-30,23,腊瘤,浅仿,246.717657
2023-12-30,24,腊瘤,浅仿,207.917526
2023-12-31,1,腊瘤,浅仿,230.12889
2023-12-31,2,腊瘤,浅仿,302.354755
2023-12-31,3,腊瘤,浅仿,437.169222
2023-12-31,4,腊瘤,浅仿,451.723786
2023-12-31,5,腊瘤,浅仿,537.504372
2023-12-31,6,腊瘤,浅仿,608.584992
2023-12-31,7,腊瘤,浅仿,652.707872
2023-12-31,8,腊瘤,浅仿,646.889452
2023-12-31,9,腊瘤,浅仿,720.996091
2023-12-31,10,腊瘤,浅仿,770.824425
2023-12-31,11,腊瘤,浅仿,726.505038
2023-12-31,12,腊瘤,浅仿,809.196358
2023-12-31,13,腊瘤,浅仿,820.488831
2023-12-31,14,腊瘤,浅仿,763.029461
2023-12-31,15,腊瘤,浅仿,695.395647
2023-12-31,16,腊瘤,浅仿,616.426997
2023-12-31,17,腊瘤,浅仿,546.617314
2023-12-31,18,腊瘤,浅仿,488.318283
2023-12-31,19,腊瘤,浅仿,438.574035
2023-12-31,20,腊瘤,浅仿,372.036083
2023-12-31,21,腊瘤,浅仿,312.242242
2023-12-31,22,腊瘤,浅仿,249.296709
2023-12-31,23,腊瘤,浅仿,198.013042
2023-12-31,24,腊瘤,浅仿,167.945612
2023-12-01,1,力林,浅仿,49.429993
2023-12-01,2,力林,浅仿,38.986915
2023-12-01,3,力林,浅仿,37.802229
2023-12-01,4,力林,浅仿,53.03516
2023-12-01,5,力林,浅仿,51.244223
2023-12-01,6,力林,浅仿,77.507024
2023-12-01,7,力林,浅仿,69.640787
2023-12-01,8,力林,浅仿,102.911537
2023-12-01,9,力林,浅仿,136.35604
2023-12-01,10,力林,浅仿,155.353328
2023-12-01,11,力林,浅仿,149.038125
2023-12-01,12,力林,浅仿,137.202172
2023-12-01,13,力林,浅仿,145.795438
2023-12-01,14,力林,浅仿,171.013657
2023-12-01,15,力林,浅仿,171.214956
2023-12-01,16,力林,浅仿,161.82495
2023-12-01,17,力林,浅仿,160.101343
2023-12-01,18,力林,浅仿,155.754967
2023-12-01,19,力林,浅仿,192.501066
2023-12-01,20,力林,浅仿,181.363119
2023-12-01,21,力林,浅仿,139.867787
2023-12-01,22,力林,浅仿,113.219267
2023-12-01,23,力林,浅仿,106.020039
2023-12-01,24,力林,浅仿,97.803188
2023-12-02,1,力林,浅仿,68.953782
2023-12-02,2,力林,浅仿,57.415158
2023-12-02,3,力林,浅仿,51.308163
2023-12-02,4,力林,浅仿,36.096293
2023-12-02,5,力林,浅仿,20.765959
2023-12-02,6,力林,浅仿,26.528072
2023-12-02,7,力林,浅仿,16.574257
2023-12-02,8,力林,浅仿,15.683403
2023-12-02,9,力林,浅仿,1.912776
2023-12-02,10,力林,浅仿,4.516804
2023-12-02,11,力林,浅仿,5.81297
2023-12-02,12,力林,浅仿,7.131484
2023-12-02,13,力林,浅仿,12.772582
2023-12-02,14,力林,浅仿,11.724644
2023-12-02,15,力林,浅仿,8.964216
2023-12-02,16,力林,浅仿,7.92637
2023-12-02,17,力林,浅仿,7.522349
2023-12-02,18,力林,浅仿,11.439685
2023-12-02,19,力林,浅仿,28.680292
2023-12-02,20,力林,浅仿,35.909097
2023-12-02,21,力林,浅仿,42.618966
2023-12-02,22,力林,浅仿,43.779804
2023-12-02,23,力林,浅仿,52.324181
2023-12-02,24,力林,浅仿,47.522545
2023-12-03,1,力林,浅仿,49.95526
2023-12-03,2,力林,浅仿,37.119684
2023-12-03,3,力林,浅仿,35.064706
2023-12-03,4,力林,浅仿,46.497206
2023-12-03,5,力林,浅仿,60.734891
2023-12-03,6,力林,浅仿,73.532547
2023-12-03,7,力林,浅仿,67.658167
2023-12-03,8,力林,浅仿,40.989201
2023-12-03,9,力林,浅仿,40.259003
2023-12-03,10,力林,浅仿,33.36834
2023-12-03,11,力林,浅仿,27.496739
2023-12-03,12,力林,浅仿,43.972502
2023-12-03,13,力林,浅仿,41.315701
2023-12-03,14,力林,浅仿,44.569503
2023-12-03,15,力林,浅仿,46.463112
2023-12-03,16,力林,浅仿,56.686439
2023-12-03,17,力林,浅仿,58.15703
2023-12-03,18,力林,浅仿,59.48685
2023-12-03,19,力林,浅仿,65.699247
2023-12-03,20,力林,浅仿,69.685017
2023-12-03,21,力林,浅仿,61.230563
2023-12-03,22,力林,浅仿,55.362193
2023-12-03,23,力林,浅仿,51.31819
2023-12-03,24,力林,浅仿,51.347999
2023-12-04,1,力林,浅仿,32.618011
2023-12-04,2,力林,浅仿,28.655344
2023-12-04,3,力林,浅仿,37.481057
2023-12-04,4,力林,浅仿,40.735321
2023-12-04,5,力林,浅仿,45.911625
2023-12-04,6,力林,浅仿,48.205688
2023-12-04,7,力林,浅仿,28.423906
2023-12-04,8,力林,浅仿,16.234307
2023-12-04,9,力林,浅仿,14.525167
2023-12-04,10,力林,浅仿,5.233994
2023-12-04,11,力林,浅仿,3.253783
2023-12-04,12,力林,浅仿,4.434053
2023-12-04,13,力林,浅仿,8.561126
2023-12-04,14,力林,浅仿,7.347034
2023-12-04,15,力林,浅仿,2.894884
2023-12-04,16,力林,浅仿,3.060329
2023-12-04,17,力林,浅仿,2.547312
2023-12-04,18,力林,浅仿,2.681944
2023-12-04,19,力林,浅仿,5.385317
2023-12-04,20,力林,浅仿,1.90988
2023-12-04,21,力林,浅仿,1.789116
2023-12-04,22,力林,浅仿,1.7181
2023-12-04,23,力林,浅仿,4.19486
2023-12-04,24,力林,浅仿,17.370097
2023-12-05,1,力林,浅仿,11.255675
2023-12-05,2,力林,浅仿,19.092952
2023-12-05,3,力林,浅仿,16.344522
2023-12-05,4,力林,浅仿,14.936467
2023-12-05,5,力林,浅仿,22.043427
2023-12-05,6,力林,浅仿,36.262093
2023-12-05,7,力林,浅仿,42.340686
2023-12-05,8,力林,浅仿,52.497992
2023-12-05,9,力林,浅仿,42.442501
2023-12-05,10,力林,浅仿,27.793351
2023-12-05,11,力林,浅仿,31.773966
2023-12-05,12,力林,浅仿,27.260419
2023-12-05,13,力林,浅仿,12.935652
2023-12-05,14,力林,浅仿,8.586321
2023-12-05,15,力林,浅仿,10.719497
2023-12-05,16,力林,浅仿,15.164674
2023-12-05,17,力林,浅仿,10.430303
2023-12-05,18,力林,浅仿,21.369088
2023-12-05,19,力林,浅仿,39.623891
2023-12-05,20,力林,浅仿,37.225255
2023-12-05,21,力林,浅仿,24.696717
2023-12-05,22,力林,浅仿,6.677453
2023-12-05,23,力林,浅仿,2.256108
2023-12-05,24,力林,浅仿,4.342061
2023-12-06,1,力林,浅仿,3.404384
2023-12-06,2,力林,浅仿,4.125971
2023-12-06,3,力林,浅仿,0.785849
2023-12-06,4,力林,浅仿,0.225621
2023-12-06,5,力林,浅仿,5.781796
2023-12-06,6,力林,浅仿,5.437815
2023-12-06,7,力林,浅仿,12.973229
2023-12-06,8,力林,浅仿,10.95623
2023-12-06,9,力林,浅仿,6.37067
2023-12-06,10,力林,浅仿,25.662395
2023-12-06,11,力林,浅仿,66.485719
2023-12-06,12,力林,浅仿,100.694465
2023-12-06,13,力林,浅仿,98.315058
2023-12-06,14,力林,浅仿,108.092899
2023-12-06,15,力林,浅仿,102.19506
2023-12-06,16,力林,浅仿,109.328449
2023-12-06,17,力林,浅仿,128.638648
2023-12-06,18,力林,浅仿,139.88202
2023-12-06,19,力林,浅仿,162.740119
2023-12-06,20,力林,浅仿,224.454874
2023-12-06,21,力林,浅仿,236.570466
2023-12-06,22,力林,浅仿,190.581044
2023-12-06,23,力林,浅仿,176.487928
2023-12-06,24,力林,浅仿,160.861182
2023-12-07,1,力林,浅仿,160.845855
2023-12-07,2,力林,浅仿,164.953959
2023-12-07,3,力林,浅仿,178.218516
2023-12-07,4,力林,浅仿,169.673018
2023-12-07,5,力林,浅仿,180.570353
2023-12-07,6,力林,浅仿,172.164221
2023-12-07,7,力林,浅仿,155.968628
2023-12-07,8,力林,浅仿,114.622117
2023-12-07,9,力林,浅仿,63.09403
2023-12-07,10,力林,浅仿,37.855829
2023-12-07,11,力林,浅仿,23.964578
2023-12-07,12,力林,浅仿,12.360546
2023-12-07,13,力林,浅仿,10.474078
2023-12-07,14,力林,浅仿,10.475797
2023-12-07,15,力林,浅仿,9.182056
2023-12-07,16,力林,浅仿,4.364241
2023-12-07,17,力林,浅仿,2.665234
2023-12-07,18,力林,浅仿,4.090202
2023-12-07,19,力林,浅仿,11.707887
2023-12-07,20,力林,浅仿,21.669144
2023-12-07,21,力林,浅仿,30.616554
2023-12-07,22,力林,浅仿,36.510299
2023-12-07,23,力林,浅仿,59.330457
2023-12-07,24,力林,浅仿,96.251198
2023-12-08,1,力林,浅仿,102.874234
2023-12-08,2,力林,浅仿,113.887952
2023-12-08,3,力林,浅仿,113.056669
2023-12-08,4,力林,浅仿,115.25299
2023-12-08,5,力林,浅仿,129.771879
2023-12-08,6,力林,浅仿,173.557571
2023-12-08,7,力林,浅仿,166.430956
2023-12-08,8,力林,浅仿,152.107451
2023-12-08,9,力林,浅仿,132.358952
2023-12-08,10,力林,浅仿,141.454212
2023-12-08,11,力林,浅仿,159.179502
2023-12-08,12,力林,浅仿,159.935159
2023-12-08,13,力林,浅仿,160.054069
2023-12-08,14,力林,浅仿,154.451235
2023-12-08,15,力林,浅仿,184.66009
2023-12-08,16,力林,浅仿,188.583035
2023-12-08,17,力林,浅仿,162.674131
2023-12-08,18,力林,浅仿,164.183115
2023-12-08,19,力林,浅仿,180.356305
2023-12-08,20,力林,浅仿,170.498309
2023-12-08,21,力林,浅仿,166.236747
2023-12-08,22,力林,浅仿,149.675458
2023-12-08,23,力林,浅仿,152.313625
2023-12-08,24,力林,浅仿,139.587764
2023-12-09,1,力林,浅仿,112.165853
2023-12-09,2,力林,浅仿,87.241353
2023-12-09,3,力林,浅仿,58.682656
2023-12-09,4,力林,浅仿,86.753923
2023-12-09,5,力林,浅仿,70.281502
2023-12-09,6,力林,浅仿,71.888992
2023-12-09,7,力林,浅仿,28.015277
2023-12-09,8,力林,浅仿,17.075706
2023-12-09,9,力林,浅仿,24.490102
2023-12-09,10,力林,浅仿,24.473311
2023-12-09,11,力林,浅仿,26.121358
2023-12-09,12,力林,浅仿,37.901614
2023-12-09,13,力林,浅仿,40.642525
2023-12-09,14,力林,浅仿,43.88526
2023-12-09,15,力林,浅仿,42.048171
2023-12-09,16,力林,浅仿,37.296019
2023-12-09,17,力林,浅仿,16.790806
2023-12-09,18,力林,浅仿,13.453585
2023-12-09,19,力林,浅仿,33.978967
2023-12-09,20,力林,浅仿,40.730015
2023-12-09,21,力林,浅仿,30.557005
2023-12-09,22,力林,浅仿,22.754573
2023-12-09,23,力林,浅仿,31.473063
2023-12-09,24,力林,浅仿,33.873
2023-12-10,1,力林,浅仿,23.511162
2023-12-10,2,力林,浅仿,22.370048
2023-12-10,3,力林,浅仿,28.520222
2023-12-10,4,力林,浅仿,25.236721
2023-12-10,5,力林,浅仿,30.358508
2023-12-10,6,力林,浅仿,39.460865
2023-12-10,7,力林,浅仿,41.308618
2023-12-10,8,力林,浅仿,36.386949
2023-12-10,9,力林,浅仿,30.789477
2023-12-10,10,力林,浅仿,12.730337
2023-12-10,11,力林,浅仿,11.255335
2023-12-10,12,力林,浅仿,10.934902
2023-12-10,13,力林,浅仿,10.064386
2023-12-10,14,力林,浅仿,18.822244
2023-12-10,15,力林,浅仿,21.213564
2023-12-10,16,力林,浅仿,16.677768
2023-12-10,17,力林,浅仿,21.433522
2023-12-10,18,力林,浅仿,42.099485
2023-12-10,19,力林,浅仿,50.501343
2023-12-10,20,力林,浅仿,41.675184
2023-12-10,21,力林,浅仿,31.68108
2023-12-10,22,力林,浅仿,38.983352
2023-12-10,23,力林,浅仿,46.21927
2023-12-10,24,力林,浅仿,36.422359
2023-12-11,1,力林,浅仿,42.916704
2023-12-11,2,力林,浅仿,39.644789
2023-12-11,3,力林,浅仿,55.454749
2023-12-11,4,力林,浅仿,77.582315
2023-12-11,5,力林,浅仿,68.664298
2023-12-11,6,力林,浅仿,109.541833
2023-12-11,7,力林,浅仿,121.392244
2023-12-11,8,力林,浅仿,130.972148
2023-12-11,9,力林,浅仿,161.123911
2023-12-11,10,力林,浅仿,163.579784
2023-12-11,11,力林,浅仿,164.279767
2023-12-11,12,力林,浅仿,153.202251
2023-12-11,13,力林,浅仿,140.347973
2023-12-11,14,力林,浅仿,103.578641
2023-12-11,15,力林,浅仿,98.124747
2023-12-11,16,力林,浅仿,112.27711
2023-12-11,17,力林,浅仿,115.241103
2023-12-11,18,力林,浅仿,118.9344
2023-12-11,19,力林,浅仿,122.501407
2023-12-11,20,力林,浅仿,139.036081
2023-12-11,21,力林,浅仿,174.856584
2023-12-11,22,力林,浅仿,219.164367
2023-12-11,23,力林,浅仿,236.999874
2023-12-11,24,力林,浅仿,231.080614
2023-12-12,1,力林,浅仿,242.139507
2023-12-12,2,力林,浅仿,242.484647
2023-12-12,3,力林,浅仿,223.546592
2023-12-12,4,力林,浅仿,203.138477
2023-12-12,5,力林,浅仿,212.287915
2023-12-12,6,力林,浅仿,209.768329
2023-12-12,7,力林,浅仿,189.723911
2023-12-12,8,力林,浅仿,159.157186
2023-12-12,9,力林,浅仿,167.777342
2023-12-12,10,力林,浅仿,147.367281
2023-12-12,11,力林,浅仿,154.923757
2023-12-12,12,力林,浅仿,171.238227
2023-12-12,13,力林,浅仿,182.995273
2023-12-12,14,力林,浅仿,189.058773
2023-12-12,15,力林,浅仿,170.698724
2023-12-12,16,力林,浅仿,157.440601
2023-12-12,17,力林,浅仿,116.231324
2023-12-12,18,力林,浅仿,92.232233
2023-12-12,19,力林,浅仿,88.701566
2023-12-12,20,力林,浅仿,65.621296
2023-12-12,21,力林,浅仿,48.424006
2023-12-12,22,力林,浅仿,40.949227
2023-12-12,23,力林,浅仿,35.187284
2023-12-12,24,力林,浅仿,33.560182
2023-12-13,1,力林,浅仿,24.391001
2023-12-13,2,力林,浅仿,28.021205
2023-12-13,3,力林,浅仿,22.963644
2023-12-13,4,力林,浅仿,25.171224
2023-12-13,5,力林,浅仿,27.969024
2023-12-13,6,力林,浅仿,33.017223
2023-12-13,7,力林,浅仿,39.45661
2023-12-13,8,力林,浅仿,30.1068
2023-12-13,9,力林,浅仿,15.933309
2023-12-13,10,力林,浅仿,17.158964
2023-12-13,11,力林,浅仿,18.006206
2023-12-13,12,力林,浅仿,29.891325
2023-12-13,13,力林,浅仿,35.391546
2023-12-13,14,力林,浅仿,42.835431
2023-12-13,15,力林,浅仿,41.440742
2023-12-13,16,力林,浅仿,55.45147
2023-12-13,17,力林,浅仿,34.186027
2023-12-13,18,力林,浅仿,42.30977
2023-12-13,19,力林,浅仿,69.831001
2023-12-13,20,力林,浅仿,68.61784
2023-12-13,21,力林,浅仿,83.839031
2023-12-13,22,力林,浅仿,75.454114
2023-12-13,23,力林,浅仿,56.138879
2023-12-13,24,力林,浅仿,51.591041
2023-12-14,1,力林,浅仿,48.782965
2023-12-14,2,力林,浅仿,35.615397
2023-12-14,3,力林,浅仿,27.764915
2023-12-14,4,力林,浅仿,24.814811
2023-12-14,5,力林,浅仿,28.301637
2023-12-14,6,力林,浅仿,54.364008
2023-12-14,7,力林,浅仿,52.164346
2023-12-14,8,力林,浅仿,54.797807
2023-12-14,9,力林,浅仿,55.534248
2023-12-14,10,力林,浅仿,48.427727
2023-12-14,11,力林,浅仿,79.309653
2023-12-14,12,力林,浅仿,61.095911
2023-12-14,13,力林,浅仿,25.118853
2023-12-14,14,力林,浅仿,41.581355
2023-12-14,15,力林,浅仿,86.511487
2023-12-14,16,力林,浅仿,113.269649
2023-12-14,17,力林,浅仿,122.118529
2023-12-14,18,力林,浅仿,90.177616
2023-12-14,19,力林,浅仿,92.07746
2023-12-14,20,力林,浅仿,96.40776
2023-12-14,21,力林,浅仿,84.593865
2023-12-14,22,力林,浅仿,113.983996
2023-12-14,23,力林,浅仿,124.740182
2023-12-14,24,力林,浅仿,120.875213
2023-12-15,1,力林,浅仿,89.541601
2023-12-15,2,力林,浅仿,83.176607
2023-12-15,3,力林,浅仿,84.570702
2023-12-15,4,力林,浅仿,96.832692
2023-12-15,5,力林,浅仿,105.471666
2023-12-15,6,力林,浅仿,126.758928
2023-12-15,7,力林,浅仿,117.696769
2023-12-15,8,力林,浅仿,118.211987
2023-12-15,9,力林,浅仿,145.833671
2023-12-15,10,力林,浅仿,153.88509
2023-12-15,11,力林,浅仿,143.354233
2023-12-15,12,力林,浅仿,110.459647
2023-12-15,13,力林,浅仿,82.572104
2023-12-15,14,力林,浅仿,131.901804
2023-12-15,15,力林,浅仿,216.127564
2023-12-15,16,力林,浅仿,229.62709
2023-12-15,17,力林,浅仿,187.153334
2023-12-15,18,力林,浅仿,212.12335
2023-12-15,19,力林,浅仿,227.487932
2023-12-15,20,力林,浅仿,255.986282
2023-12-15,21,力林,浅仿,227.106574
2023-12-15,22,力林,浅仿,235.487958
2023-12-15,23,力林,浅仿,207.208496
2023-12-15,24,力林,浅仿,220.22444
2023-12-16,1,力林,浅仿,205.498664
2023-12-16,2,力林,浅仿,216.523941
2023-12-16,3,力林,浅仿,230.924608
2023-12-16,4,力林,浅仿,235.96928
2023-12-16,5,力林,浅仿,238.485815
2023-12-16,6,力林,浅仿,223.478171
2023-12-16,7,力林,浅仿,197.526202
2023-12-16,8,力林,浅仿,236.032698
2023-12-16,9,力林,浅仿,219.435937
2023-12-16,10,力林,浅仿,203.115316
2023-12-16,11,力林,浅仿,207.445124
2023-12-16,12,力林,浅仿,187.558208
2023-12-16,13,力林,浅仿,186.402061
2023-12-16,14,力林,浅仿,195.923041
2023-12-16,15,力林,浅仿,192.553049
2023-12-16,16,力林,浅仿,202.843763
2023-12-16,17,力林,浅仿,197.448779
2023-12-16,18,力林,浅仿,198.678159
2023-12-16,19,力林,浅仿,202.504924
2023-12-16,20,力林,浅仿,211.49354
2023-12-16,21,力林,浅仿,193.473606
2023-12-16,22,力林,浅仿,176.514738
2023-12-16,23,力林,浅仿,190.816765
2023-12-16,24,力林,浅仿,173.840197
2023-12-17,1,力林,浅仿,152.284842
2023-12-17,2,力林,浅仿,168.763644
2023-12-17,3,力林,浅仿,163.473944
2023-12-17,4,力林,浅仿,168.184545
2023-12-17,5,力林,浅仿,174.73611
2023-12-17,6,力林,浅仿,192.943814
2023-12-17,7,力林,浅仿,174.264941
2023-12-17,8,力林,浅仿,173.049848
2023-12-17,9,力林,浅仿,143.9625
2023-12-17,10,力林,浅仿,125.523572
2023-12-17,11,力林,浅仿,109.248394
2023-12-17,12,力林,浅仿,90.990041
2023-12-17,13,力林,浅仿,90.290614
2023-12-17,14,力林,浅仿,100.630105
2023-12-17,15,力林,浅仿,89.533272
2023-12-17,16,力林,浅仿,97.292313
2023-12-17,17,力林,浅仿,84.287086
2023-12-17,18,力林,浅仿,76.943308
2023-12-17,19,力林,浅仿,110.671902
2023-12-17,20,力林,浅仿,115.147685
2023-12-17,21,力林,浅仿,104.175627
2023-12-17,22,力林,浅仿,70.778636
2023-12-17,23,力林,浅仿,52.392999
2023-12-17,24,力林,浅仿,32.198494
2023-12-18,1,力林,浅仿,38.040413
2023-12-18,2,力林,浅仿,47.91815
2023-12-18,3,力林,浅仿,40.550954
2023-12-18,4,力林,浅仿,32.848523
2023-12-18,5,力林,浅仿,27.243232
2023-12-18,6,力林,浅仿,54.862153
2023-12-18,7,力林,浅仿,49.386812
2023-12-18,8,力林,浅仿,24.243512
2023-12-18,9,力林,浅仿,31.884869
2023-12-18,10,力林,浅仿,26.9555
2023-12-18,11,力林,浅仿,30.952566
2023-12-18,12,力林,浅仿,25.706672
2023-12-18,13,力林,浅仿,30.464883
2023-12-18,14,力林,浅仿,27.229595
2023-12-18,15,力林,浅仿,37.086319
2023-12-18,16,力林,浅仿,33.012791
2023-12-18,17,力林,浅仿,40.33282
2023-12-18,18,力林,浅仿,43.952804
2023-12-18,19,力林,浅仿,64.942925
2023-12-18,20,力林,浅仿,80.919188
2023-12-18,21,力林,浅仿,79.46629
2023-12-18,22,力林,浅仿,79.699144
2023-12-18,23,力林,浅仿,69.155687
2023-12-18,24,力林,浅仿,57.575386
2023-12-19,1,力林,浅仿,49.312929
2023-12-19,2,力林,浅仿,41.934949
2023-12-19,3,力林,浅仿,43.167531
2023-12-19,4,力林,浅仿,45.174044
2023-12-19,5,力林,浅仿,42.188825
2023-12-19,6,力林,浅仿,36.405836
2023-12-19,7,力林,浅仿,31.871452
2023-12-19,8,力林,浅仿,23.426857
2023-12-19,9,力林,浅仿,29.23544
2023-12-19,10,力林,浅仿,29.616253
2023-12-19,11,力林,浅仿,31.200446
2023-12-19,12,力林,浅仿,41.82056
2023-12-19,13,力林,浅仿,55.340454
2023-12-19,14,力林,浅仿,66.96774
2023-12-19,15,力林,浅仿,84.071304
2023-12-19,16,力林,浅仿,93.167679
2023-12-19,17,力林,浅仿,96.871219
2023-12-19,18,力林,浅仿,89.399507
2023-12-19,19,力林,浅仿,116.643643
2023-12-19,20,力林,浅仿,154.182383
2023-12-19,21,力林,浅仿,166.542024
2023-12-19,22,力林,浅仿,140.744683
2023-12-19,23,力林,浅仿,119.649642
2023-12-19,24,力林,浅仿,118.001938
2023-12-20,1,力林,浅仿,128.862202
2023-12-20,2,力林,浅仿,132.968996
2023-12-20,3,力林,浅仿,154.041239
2023-12-20,4,力林,浅仿,155.618781
2023-12-20,5,力林,浅仿,160.461778
2023-12-20,6,力林,浅仿,214.655536
2023-12-20,7,力林,浅仿,199.371946
2023-12-20,8,力林,浅仿,171.686938
2023-12-20,9,力林,浅仿,197.74853
2023-12-20,10,力林,浅仿,211.076771
2023-12-20,11,力林,浅仿,202.904431
2023-12-20,12,力林,浅仿,203.438834
2023-12-20,13,力林,浅仿,203.854031
2023-12-20,14,力林,浅仿,208.643744
2023-12-20,15,力林,浅仿,204.310504
2023-12-20,16,力林,浅仿,204.515515
2023-12-20,17,力林,浅仿,199.489285
2023-12-20,18,力林,浅仿,198.435321
2023-12-20,19,力林,浅仿,211.820109
2023-12-20,20,力林,浅仿,199.151425
2023-12-20,21,力林,浅仿,182.386308
2023-12-20,22,力林,浅仿,159.829359
2023-12-20,23,力林,浅仿,152.856226
2023-12-20,24,力林,浅仿,144.254081
2023-12-21,1,力林,浅仿,131.659325
2023-12-21,2,力林,浅仿,100.791715
2023-12-21,3,力林,浅仿,94.880324
2023-12-21,4,力林,浅仿,120.494255
2023-12-21,5,力林,浅仿,147.397051
2023-12-21,6,力林,浅仿,170.360688
2023-12-21,7,力林,浅仿,157.880298
2023-12-21,8,力林,浅仿,153.348687
2023-12-21,9,力林,浅仿,143.147883
2023-12-21,10,力林,浅仿,154.955885
2023-12-21,11,力林,浅仿,150.081641
2023-12-21,12,力林,浅仿,145.918586
2023-12-21,13,力林,浅仿,146.876693
2023-12-21,14,力林,浅仿,141.219134
2023-12-21,15,力林,浅仿,153.824073
2023-12-21,16,力林,浅仿,156.086786
2023-12-21,17,力林,浅仿,150.196598
2023-12-21,18,力林,浅仿,161.383296
2023-12-21,19,力林,浅仿,197.389256
2023-12-21,20,力林,浅仿,173.349298
2023-12-21,21,力林,浅仿,143.442611
2023-12-21,22,力林,浅仿,123.982268
2023-12-21,23,力林,浅仿,121.235867
2023-12-21,24,力林,浅仿,123.217696
2023-12-22,1,力林,浅仿,103.938756
2023-12-22,2,力林,浅仿,110.85353
2023-12-22,3,力林,浅仿,121.022848
2023-12-22,4,力林,浅仿,123.714033
2023-12-22,5,力林,浅仿,136.571056
2023-12-22,6,力林,浅仿,173.793425
2023-12-22,7,力林,浅仿,180.678379
2023-12-22,8,力林,浅仿,162.590612
2023-12-22,9,力林,浅仿,149.569596
2023-12-22,10,力林,浅仿,121.946126
2023-12-22,11,力林,浅仿,121.375177
2023-12-22,12,力林,浅仿,108.922626
2023-12-22,13,力林,浅仿,117.310529
2023-12-22,14,力林,浅仿,127.498926
2023-12-22,15,力林,浅仿,131.956107
2023-12-22,16,力林,浅仿,150.019418
2023-12-22,17,力林,浅仿,170.754951
2023-12-22,18,力林,浅仿,173.876538
2023-12-22,19,力林,浅仿,150.4391
2023-12-22,20,力林,浅仿,146.742639
2023-12-22,21,力林,浅仿,115.45173
2023-12-22,22,力林,浅仿,106.007695
2023-12-22,23,力林,浅仿,77.884517
2023-12-22,24,力林,浅仿,74.961657
2023-12-23,1,力林,浅仿,48.396281
2023-12-23,2,力林,浅仿,51.266439
2023-12-23,3,力林,浅仿,57.801243
2023-12-23,4,力林,浅仿,76.314906
2023-12-23,5,力林,浅仿,55.871455
2023-12-23,6,力林,浅仿,53.89931
2023-12-23,7,力林,浅仿,57.081209
2023-12-23,8,力林,浅仿,41.326046
2023-12-23,9,力林,浅仿,38.562313
2023-12-23,10,力林,浅仿,51.4683
2023-12-23,11,力林,浅仿,32.791577
2023-12-23,12,力林,浅仿,27.41218
2023-12-23,13,力林,浅仿,24.975717
2023-12-23,14,力林,浅仿,20.628738
2023-12-23,15,力林,浅仿,18.359652
2023-12-23,16,力林,浅仿,15.161125
2023-12-23,17,力林,浅仿,5.49312
2023-12-23,18,力林,浅仿,3.533679
2023-12-23,19,力林,浅仿,21.050979
2023-12-23,20,力林,浅仿,15.116164
2023-12-23,21,力林,浅仿,7.578438
2023-12-23,22,力林,浅仿,0.849872
2023-12-23,23,力林,浅仿,0.285936
2023-12-23,24,力林,浅仿,0.16674
2023-12-24,1,力林,浅仿,0.004228
2023-12-24,2,力林,浅仿,2.09472
2023-12-24,3,力林,浅仿,22.218346
2023-12-24,4,力林,浅仿,30.858196
2023-12-24,5,力林,浅仿,64.482252
2023-12-24,6,力林,浅仿,108.815045
2023-12-24,7,力林,浅仿,61.65775
2023-12-24,8,力林,浅仿,35.750155
2023-12-24,9,力林,浅仿,34.498796
2023-12-24,10,力林,浅仿,26.198442
2023-12-24,11,力林,浅仿,34.947988
2023-12-24,12,力林,浅仿,26.467038
2023-12-24,13,力林,浅仿,54.104444
2023-12-24,14,力林,浅仿,62.149626
2023-12-24,15,力林,浅仿,72.576214
2023-12-24,16,力林,浅仿,83.622112
2023-12-24,17,力林,浅仿,98.970818
2023-12-24,18,力林,浅仿,111.227934
2023-12-24,19,力林,浅仿,142.092682
2023-12-24,20,力林,浅仿,86.138332
2023-12-24,21,力林,浅仿,53.638775
2023-12-24,22,力林,浅仿,35.788202
2023-12-24,23,力林,浅仿,30.038626
2023-12-24,24,力林,浅仿,27.883282
2023-12-25,1,力林,浅仿,23.224124
2023-12-25,2,力林,浅仿,30.308136
2023-12-25,3,力林,浅仿,28.57339
2023-12-25,4,力林,浅仿,39.215054
2023-12-25,5,力林,浅仿,64.20477
2023-12-25,6,力林,浅仿,86.09498
2023-12-25,7,力林,浅仿,88.142343
2023-12-25,8,力林,浅仿,83.615523
2023-12-25,9,力林,浅仿,90.336048
2023-12-25,10,力林,浅仿,90.644495
2023-12-25,11,力林,浅仿,81.289285
2023-12-25,12,力林,浅仿,55.90579
2023-12-25,13,力林,浅仿,67.959782
2023-12-25,14,力林,浅仿,61.578894
2023-12-25,15,力林,浅仿,79.413052
2023-12-25,16,力林,浅仿,62.589344
2023-12-25,17,力林,浅仿,58.874552
2023-12-25,18,力林,浅仿,59.472096
2023-12-25,19,力林,浅仿,43.477722
2023-12-25,20,力林,浅仿,30.280394
2023-12-25,21,力林,浅仿,19.810067
2023-12-25,22,力林,浅仿,10.747173
2023-12-25,23,力林,浅仿,9.701029
2023-12-25,24,力林,浅仿,12.594149
2023-12-26,1,力林,浅仿,10.615659
2023-12-26,2,力林,浅仿,3.35327
2023-12-26,3,力林,浅仿,2.985324
2023-12-26,4,力林,浅仿,2.437557
2023-12-26,5,力林,浅仿,4.847032
2023-12-26,6,力林,浅仿,10.773343
2023-12-26,7,力林,浅仿,5.675496
2023-12-26,8,力林,浅仿,5.330398
2023-12-26,9,力林,浅仿,5.819454
2023-12-26,10,力林,浅仿,6.63366
2023-12-26,11,力林,浅仿,10.717165
2023-12-26,12,力林,浅仿,8.67263
2023-12-26,13,力林,浅仿,7.120565
2023-12-26,14,力林,浅仿,3.940106
2023-12-26,15,力林,浅仿,2.550101
2023-12-26,16,力林,浅仿,4.070275
2023-12-26,17,力林,浅仿,1.875867
2023-12-26,18,力林,浅仿,7.036986
2023-12-26,19,力林,浅仿,16.530808
2023-12-26,20,力林,浅仿,11.935259
2023-12-26,21,力林,浅仿,11.055172
2023-12-26,22,力林,浅仿,12.583795
2023-12-26,23,力林,浅仿,5.648946
2023-12-26,24,力林,浅仿,6.190454
2023-12-27,1,力林,浅仿,5.369838
2023-12-27,2,力林,浅仿,10.94455
2023-12-27,3,力林,浅仿,12.480817
2023-12-27,4,力林,浅仿,19.169941
2023-12-27,5,力林,浅仿,23.399586
2023-12-27,6,力林,浅仿,28.314996
2023-12-27,7,力林,浅仿,22.208542
2023-12-27,8,力林,浅仿,12.521593
2023-12-27,9,力林,浅仿,15.870081
2023-12-27,10,力林,浅仿,8.657011
2023-12-27,11,力林,浅仿,6.413835
2023-12-27,12,力林,浅仿,5.004731
2023-12-27,13,力林,浅仿,2.398065
2023-12-27,14,力林,浅仿,4.076199
2023-12-27,15,力林,浅仿,3.779924
2023-12-27,16,力林,浅仿,4.587944
2023-12-27,17,力林,浅仿,5.742353
2023-12-27,18,力林,浅仿,8.570604
2023-12-27,19,力林,浅仿,10.294656
2023-12-27,20,力林,浅仿,7.823013
2023-12-27,21,力林,浅仿,12.875831
2023-12-27,22,力林,浅仿,9.024795
2023-12-27,23,力林,浅仿,8.250841
2023-12-27,24,力林,浅仿,5.56046
2023-12-28,1,力林,浅仿,4.191412
2023-12-28,2,力林,浅仿,0.6559
2023-12-28,3,力林,浅仿,0.23504
2023-12-28,4,力林,浅仿,0.146064
2023-12-28,5,力林,浅仿,0.361756
2023-12-28,6,力林,浅仿,2.291928
2023-12-28,7,力林,浅仿,6.082155
2023-12-28,8,力林,浅仿,8.095161
2023-12-28,9,力林,浅仿,12.0687
2023-12-28,10,力林,浅仿,4.861436
2023-12-28,11,力林,浅仿,1.547636
2023-12-28,12,力林,浅仿,1.927604
2023-12-28,13,力林,浅仿,6.109751
2023-12-28,14,力林,浅仿,10.872403
2023-12-28,15,力林,浅仿,19.354177
2023-12-28,16,力林,浅仿,23.387507
2023-12-28,17,力林,浅仿,54.428828
2023-12-28,18,力林,浅仿,56.825872
2023-12-28,19,力林,浅仿,92.899548
2023-12-28,20,力林,浅仿,97.505825
2023-12-28,21,力林,浅仿,111.790307
2023-12-28,22,力林,浅仿,113.355195
2023-12-28,23,力林,浅仿,124.624283
2023-12-28,24,力林,浅仿,120.441214
2023-12-29,1,力林,浅仿,119.990442
2023-12-29,2,力林,浅仿,121.788489
2023-12-29,3,力林,浅仿,130.310284
2023-12-29,4,力林,浅仿,133.937927
2023-12-29,5,力林,浅仿,131.45559
2023-12-29,6,力林,浅仿,140.892564
2023-12-29,7,力林,浅仿,133.725225
2023-12-29,8,力林,浅仿,112.096684
2023-12-29,9,力林,浅仿,103.709607
2023-12-29,10,力林,浅仿,94.400076
2023-12-29,11,力林,浅仿,82.479621
2023-12-29,12,力林,浅仿,50.876468
2023-12-29,13,力林,浅仿,45.6434
2023-12-29,14,力林,浅仿,52.221398
2023-12-29,15,力林,浅仿,47.745925
2023-12-29,16,力林,浅仿,49.890485
2023-12-29,17,力林,浅仿,35.677648
2023-12-29,18,力林,浅仿,20.747317
2023-12-29,19,力林,浅仿,37.008058
2023-12-29,20,力林,浅仿,32.025756
2023-12-29,21,力林,浅仿,28.024984
2023-12-29,22,力林,浅仿,14.364428
2023-12-29,23,力林,浅仿,8.219527
2023-12-29,24,力林,浅仿,11.437612
2023-12-30,1,力林,浅仿,6.410925
2023-12-30,2,力林,浅仿,8.161266
2023-12-30,3,力林,浅仿,7.420206
2023-12-30,4,力林,浅仿,9.18036
2023-12-30,5,力林,浅仿,10.239788
2023-12-30,6,力林,浅仿,6.193821
2023-12-30,7,力林,浅仿,10.689856
2023-12-30,8,力林,浅仿,17.927719
2023-12-30,9,力林,浅仿,16.009716
2023-12-30,10,力林,浅仿,6.01406
2023-12-30,11,力林,浅仿,11.944808
2023-12-30,12,力林,浅仿,12.56024
2023-12-30,13,力林,浅仿,22.647797
2023-12-30,14,力林,浅仿,27.638471
2023-12-30,15,力林,浅仿,27.0155
2023-12-30,16,力林,浅仿,25.087674
2023-12-30,17,力林,浅仿,28.108404
2023-12-30,18,力林,浅仿,39.344898
2023-12-30,19,力林,浅仿,44.579548
2023-12-30,20,力林,浅仿,41.118616
2023-12-30,21,力林,浅仿,49.779916
2023-12-30,22,力林,浅仿,41.12703
2023-12-30,23,力林,浅仿,33.95059
2023-12-30,24,力林,浅仿,64.129596
2023-12-31,1,力林,浅仿,63.145886
2023-12-31,2,力林,浅仿,82.654259
2023-12-31,3,力林,浅仿,145.891087
2023-12-31,4,力林,浅仿,163.439103
2023-12-31,5,力林,浅仿,150.618887
2023-12-31,6,力林,浅仿,196.130715
2023-12-31,7,力林,浅仿,217.370858
2023-12-31,8,力林,浅仿,218.387514
2023-12-31,9,力林,浅仿,233.82437
2023-12-31,10,力林,浅仿,230.023273
2023-12-31,11,力林,浅仿,224.755092
2023-12-31,12,力林,浅仿,203.048532
2023-12-31,13,力林,浅仿,210.774427
2023-12-31,14,力林,浅仿,220.538039
2023-12-31,15,力林,浅仿,212.162912
2023-12-31,16,力林,浅仿,206.608619
2023-12-31,17,力林,浅仿,200.849773
2023-12-31,18,力林,浅仿,188.60222
2023-12-31,19,力林,浅仿,196.472306
2023-12-31,20,力林,浅仿,176.927073
2023-12-31,21,力林,浅仿,176.600025
2023-12-31,22,力林,浅仿,192.948317
2023-12-31,23,力林,浅仿,139.373002
2023-12-31,24,力林,浅仿,151.089322
