날짜,1시,2시,3시,4시,5시,6시,7시,8시,9시,10시,11시,12시,13시,14시,15시,16시,17시,18시,19시,20시,21시,22시,23시,24시
2024-01-01,113.348,67.273,53.214,30.729,21.785,24.522,20.048,16.456,9.552,2.158,1.39,3.054,5.379,13.066,18.1,19.504,20.992,16.616,16.337,15.085,15.829,21.545,23.392,22.188
2024-01-02,19.575,26.575,23.698,20.916,29.333,26.694,18.34,17.45,4.379,3.68,0.937,0.691,0.863,5.146,7.741,8.188,14.745,13.331,22.643,19.02,17.581,6.672,7.344,10.799
2024-01-03,20.42,22.613,39.094,59.266,56.867,54.073,85.089,119.322,143.013,149.286,157.643,132.689,164.855,195.317,215.781,208.109,225.374,210.717,202.602,216.102,216.794,206.952,186.019,144.236
2024-01-04,135.056,101.317,84.691,69.983,71.091,48.879,40.384,18.03,16.981,7.213,6.98,7.544,7.883,11.16,9.831,9.124,6.14,3.751,3.4,4.94,8.018,9.143,11.996,23.08
2024-01-05,34.766,50.254,64.145,65.841,52.15,25.884,24.164,23.217,24.426,14.217,22.745,28.126,39.412,37.06,31.56,25.066,18.603,12.124,18.19,19.3,14.067,20.089,27.854,15.692
2024-01-06,12.654,26.732,37.633,59.794,85.08,92.518,83.77,111.729,122.146,122.598,124.643,89.455,49.341,34.784,77.91,99.495,97.768,102.365,100.492,89.155,85.11,122.944,97.13,84.696
2024-01-07,63.613,91.096,125.16,158.31,161.65,157.729,146.203,159.833,165.373,156.194,151.113,173.038,180.362,184.547,191.248,202.652,203.624,193.407,181.746,176.21,150.089,140.909,117.861,97.817
2024-01-08,78.993,54.798,50.946,54.662,60.554,73.71,61.09,58.31,44.502,41.386,28.179,14.679,5.671,4.497,1.242,1.905,5.251,4.906,6.575,7.526,4.914,2.697,0.112,0.274
2024-01-09,1.335,0.214,1.467,2.908,3.99,1.246,1.974,7.596,11.217,9.437,14.119,15.944,11.167,14.43,14.933,15.692,12.485,11.767,25.664,66.218,65.108,50.213,47.538,62.519
2024-01-10,60.437,41.971,97.196,123.441,170.579,184.291,198.136,212.993,226.458,222.313,196.753,191.029,181.863,152.389,205.701,220.51,225.731,227.632,214.759,197.218,177.929,168.474,142.434,95.604
2024-01-11,98.651,104.363,89.171,122.373,81.625,91.116,93.855,91.91,65.59,66.269,56.783,68.153,77.656,67.762,50.249,31.595,34.449,41.055,50.828,39.96,48.705,38.813,33.178,40.831
2024-01-12,40.025,41.758,41.576,49.835,67.255,64.271,61.765,54.225,52.258,26.896,17.797,28.319,42.074,36.315,39.486,36.935,58.13,58.178,50.093,47.225,85.114,81.105,100.347,100.8
2024-01-13,88.421,103.773,114.26,105.21,109.819,98.238,76.907,78.845,69.344,64.796,87.676,87.972,83.456,80.012,81.822,92.53,74.816,25.665,34.801,16.639,11.882,10.101,7.376,8.806
2024-01-14,14.578,35.709,72.743,74.114,56.289,52.764,56.613,71.891,69.017,76.508,107.738,100.405,85.07,83.338,118.446,116.785,100.224,89.335,86.025,51.401,80.966,125.748,142.912,174.743
2024-01-15,194.049,194.935,185.519,187.655,190.278,210.259,224.285,223.26,212.112,211.428,215.325,154.058,101.139,123.309,150.295,190.114,202.06,176.876,205.985,194.819,193.057,177.482,165.192,149.441
2024-01-16,125.63,138.568,145.922,135.807,139.549,133.761,118.004,100.832,81.319,56.011,33.228,19.761,10.792,7.669,9.36,10.368,7.297,3.09,5.226,1.894,5.094,6.476,5.765,4.885
2024-01-17,5.399,12.461,20.451,25.536,27.631,33.331,44.165,36.039,35.546,31.739,38.621,44.613,62.089,96.832,104.169,81.113,88.177,95.491,72.72,79.357,87.471,79.103,71.278,68.152
2024-01-18,72.367,77.137,75.515,55.399,52.257,45.188,34.457,26.925,33.703,35.886,22.915,18.402,17.899,20.726,21.91,31.269,35.878,30.081,33.625,25.353,20.383,27.309,16.8,9.862
2024-01-19,6.096,6.064,15.203,68.834,103.019,101.342,107.702,105.974,119.377,108.552,101.262,110.242,118.44,117.361,115.188,111.52,108.827,106.692,104.55,93.913,84.68,79.245,83.044,84.2
2024-01-20,89.941,87.311,94.479,94.944,105.472,105.373,106.414,110.234,104.493,88.781,89.329,93.871,93.431,84.782,83.005,85.578,94.046,95.922,93.069,115.691,125.516,154.229,151.098,150.865
2024-01-21,145.54,127.911,118.526,124.323,114.402,96.376,81.73,66.625,62.246,60.484,49.617,38.652,34.903,64.765,128.862,143.179,158.008,177.345,185.318,206.578,212.464,232.627,226.497,232.302
2024-01-22,236.996,239.736,237.69,235.447,238.093,229.954,235.94,233.25,234.789,227.281,216.743,212.978,225.858,219.701,210.787,205.532,202.959,210.177,199.753,200.996,210.953,204.386,192.637,200.715
2024-01-23,191.226,194.49,188.023,194.467,181.229,189.747,191.116,189.351,189.422,195.749,197.46,194.977,182.295,199.158,201.737,206.622,201.118,176.323,171.772,165.871,172.876,183.863,191.035,189.728
2024-01-24,184.726,187.664,169.172,166.622,165.924,169.207,171.095,175.599,174.282,171.824,176.813,176.266,189.835,185.689,181.695,184.941,194.351,185.768,182.743,200.987,207.4,207.313,197.273,181.494
2024-01-25,171.311,169.437,178.15,188.358,173.731,148.259,130.33,130.798,131.081,147.782,128.239,116.408,112.873,113.391,130.19,147.812,145.764,160.087,186.117,178.913,189.331,184.426,145.688,127.484
2024-01-26,112.029,143.195,115.454,94.638,97.122,108.383,101.353,85.243,72.611,58.83,63.029,74.963,75.525,83.056,110.886,123.437,117.774,101.207,70.956,73.463,67.835,76.857,82.427,74.466
2024-01-27,76.951,82.959,74.431,77.325,64.438,45.543,45.13,44.875,51.1,45.957,42.075,62.618,70.091,69.814,81.055,67.728,60.381,91.76,85.845,77.409,92.305,88.083,79.157,72.513
2024-01-28,59.258,81.029,89.177,113.524,116.206,117.466,135.132,164.843,144.524,128.246,114.264,136.658,116.474,86.166,81.975,127.052,138.95,105.941,87.964,123.028,117.28,66.196,44.38,24.851
2024-01-29,32.587,43.201,44.251,34.62,31.655,47.596,56.176,46.895,18.41,16.712,20.479,15.523,8.409,6.508,6.383,10.658,10.361,16.875,23.746,13.767,10.664,10.203,12.18,7.141
2024-01-30,6.435,4.672,4.656,3.609,3.346,3.958,4.236,5.122,7.182,4.248,2.458,1.532,0.355,1.696,2.832,3.389,10.203,17.05,13.163,13.534,17.356,22.454,22.61,35.89
2024-01-31,44.035,37.384,14.844,9.527,12.091,7.328,9.914,12.615,6.694,8.567,12.277,11.52,4.031,5.744,9.216,9.799,2.219,2.985,3.208,3.926,2.85,2.574,5.878,6.295
2024-02-01,9.82,11.403,15.972,35.996,57.359,68.407,75.96,92.838,88.685,111.925,117.389,118.798,100.609,87.705,92.453,108.769,95.862,99.385,101.615,121.047,114.262,85.973,84.646,71.343
2024-02-02,71.421,76.204,87.585,85.851,90.553,81.725,86.483,99.226,101.251,82.887,68.765,64.058,48.124,36.871,31.699,43.671,47.936,43.251,38.259,20.491,23.624,14.941,8.419,5.635
2024-02-03,3.215,3.352,9.204,20.577,23.051,20.673,23.919,33.562,53.436,57.675,41.907,38.615,40.463,43.109,48.411,53.79,59.485,49.419,53.073,62.067,77.72,77.979,79.69,85.165
2024-02-04,72.02,60.815,53.596,60.144,68.781,64.427,56.259,67.969,60.444,50.337,52.342,49.931,59.148,69.233,57.882,52.364,70.373,75.42,83.737,75.919,73.867,100.808,107.531,83.922
2024-02-05,98.895,135.984,90.4,79.854,51.078,47.464,56.26,69.345,38.373,32.51,61.929,129.292,154.555,173.717,191.259,168.631,191.284,168.06,149.588,143.304,129.839,94.621,127.981,128.943
2024-02-06,128.278,122.845,107.35,96.018,102.389,109.326,108.872,93.876,96.319,88.518,97.594,92.265,105.286,108.104,123.236,126.563,124.561,136.41,144.608,147.198,166.296,143.333,142.72,145.005
2024-02-07,154.862,134.083,120.313,123.591,146.255,135.308,141.8,131.788,104.596,100.004,99.218,117.145,142.153,148.753,149.032,143.789,137.075,142.819,124.167,105.156,102.821,126.851,129.844,129.603
2024-02-08,137.874,127.973,103.851,108.2,107.389,120.979,129.793,103.068,105.109,112.082,121.883,132.652,102.559,89.772,85.395,83.968,104.714,115.568,118.14,115.757,129.72,99.907,70.309,91.971
2024-02-09,100.937,101.837,97.045,110.677,132.323,135.16,132.485,92.057,83.103,83.648,97.816,105.077,119.429,138.984,158.141,154.658,143.601,113.858,105.741,113.831,95.065,77.561,70.863,71.709
2024-02-10,66.518,54.753,55.176,52.633,48.973,41.263,29.266,18.156,12.925,7.112,2.494,1.545,4.562,14.667,31.441,43.75,37.311,56.837,45.494,47.226,61.98,60.408,49.672,36.042
2024-02-11,20.048,24.915,38.399,45.808,42.131,41.25,37.229,29.17,31.312,49.501,76.224,107.194,138.117,166.854,181.24,186.885,190.297,182.609,160.701,143.931,141.295,115.235,99.245,92.932
2024-02-12,111.022,78.965,65.451,39.919,25.387,28.418,20.252,6.861,4.407,0.585,0.231,0.374,2.192,4.34,7.06,4.032,4.86,10.539,17.548,24.578,38.873,55.34,63.071,102.128
2024-02-13,130.756,113.805,112.722,118.182,109.296,107.534,116.264,86.577,83.827,100.099,124.633,131.367,122.099,96.392,121.746,91.215,80.109,64.702,60.188,77.331,87.798,75.246,77.615,88.33
2024-02-14,92.848,99.184,108.234,105.642,109.617,107.304,111.851,79.754,70.515,57.99,62.427,69.735,68.106,83.009,74.494,74.599,65.894,60.681,64.389,68.929,61.279,44.421,20.955,17.298
2024-02-15,6.086,2.543,6.161,7.946,2.885,1.632,1.217,1.95,3.191,3.273,56.732,156.937,241.093,254.582,250.172,240.071,236.514,237.468,222.48,215.41,244.433,235.484,229.661,232.21
2024-02-16,210.852,206.712,180.804,147.703,134.441,105.46,88.336,61.065,24.01,14.348,14.534,11.889,13.95,15.068,17.5,11.418,9.323,5.546,2.215,0.516,0.57,0.837,1.486,1.371
2024-02-17,0.81,0.181,0.23,0.493,1.578,4.433,10.459,8.641,9.011,3.156,6.986,7.164,9.809,10.745,24.254,43.462,47.589,43.112,34.109,21.624,40.516,48.832,47.738,66.332
2024-02-18,109.834,86.39,88.112,84.692,71.774,66.78,74.068,101.71,111.477,116.557,105.959,109.032,114.637,167.182,161.964,175.792,188.495,177.681,205.391,200.443,194.388,177.66,157.073,187.932
2024-02-19,183.725,147.41,174.122,175.861,172.856,159.056,148.543,145.001,111.926,83.531,77.076,49.976,42.539,40.2,34.468,17.557,32.784,112.452,158.67,180.51,127.358,75.708,33.164,67.635
2024-02-20,113.491,143.379,98.558,62.022,51.37,56.395,39.499,19.286,24.125,36.768,18.573,10.645,13.753,14.805,8.506,42.38,69.582,88.488,97.173,101.021,95.884,115.519,111.99,102.378
2024-02-21,114.853,103.957,101.982,105.981,96.123,95.233,77.203,71.105,95.616,89.707,48.845,37.753,82.595,57.199,34.667,50.389,83.382,76.851,70.487,65.43,72.913,59.4,53.475,49.224
2024-02-22,62.873,68.37,83.148,91.9,113.639,147.478,160.942,173.004,151.167,147.057,150.044,145.427,147.769,142.531,148.575,142.632,130.076,129.321,131.439,136.725,112.481,101.013,89.71,105.781
2024-02-23,115.467,120.663,106.182,100.617,85.977,84.238,107.994,103.01,104.583,99.785,92.217,90.963,90.991,78.499,73.61,66.422,55.983,66.016,59.773,59.419,88.463,104.196,119.085,128.354
2024-02-24,103.974,97.771,97.314,101.163,101.375,108.118,118.031,116.612,118.781,100.63,95.776,85.259,91.142,71.965,57.594,58.583,52.752,57.296,57.122,49.702,63.316,59.009,45.338,40.808
2024-02-25,41.701,43.368,60.789,116.594,124.009,123.118,126.26,130.765,109.79,119.78,132.941,107.911,94.895,104.956,106.802,97.883,129.065,128.259,139.153,142.37,135.192,113.012,88.632,89.176
2024-02-26,129.757,94.596,56.54,50.39,66.703,87.517,110.715,115.146,101.805,99.099,99.726,80.652,62.817,47.895,42.094,48.49,38.265,33.869,24.738,21.859,18.223,25.503,25.807,9.941
2024-02-27,17.714,21.279,20.214,20.046,22.609,35.911,44.764,51.414,87.725,97.61,115.369,105.455,108.017,121.275,109.417,107.978,88.907,79.635,73.254,54.847,48.232,50.151,46.328,39.643
2024-02-28,31.995,31.521,39.224,34.331,33.49,29.547,35.533,33.125,41.98,40.686,40.411,65.624,121.654,141.854,111.471,85.319,58.367,38.535,28.585,33.462,42.487,55.189,63.663,58.597
2024-02-29,53.78,43.525,34.402,48.537,56.178,68.596,84.846,127.042,143.171,173.351,202.739,220.235,217.638,199.19,195.766,180.149,165.547,172.213,152.639,148.14,154.091,160.86,170.493,219.12
2024-03-01,218.295,243.944,228.206,221.652,227.345,212.54,207.163,237.947,237.601,239.931,226.273,206.98,231.831,216.967,232.391,225.252,231.127,212.358,197.713,200.579,200.544,214.221,204.302,207.19
2024-03-02,198.288,190.085,167.215,145.054,131.577,113.705,94.462,67.053,40.913,33.62,30.669,31.407,25.415,25.016,27.849,29.002,26.798,26.402,23.774,10.88,22.732,20.268,25.097,29.246
2024-03-03,38.623,36.913,45.789,48.194,39.955,37.264,37.473,27.996,27.827,28.299,38.189,42.17,45.392,42.258,52.993,56.534,50.888,42.156,23.243,16.013,19.054,16.22,11.526,9.041
2024-03-04,10.189,7.793,6.478,6.498,1.047,0.047,0.047,0.588,3.576,6.595,25.63,61.174,83.748,73.347,52.086,40.999,32.197,42.564,49.715,50.701,42.247,51.987,57.526,73.185
2024-03-05,95.786,74.828,70.801,72.72,71.511,79.219,78.577,75.059,85.845,96.154,100.668,106.715,107.757,106.478,94.118,116.079,133.431,149.032,137.533,135.287,132.97,146.446,111.015,122.484
2024-03-06,159.032,119.85,92.057,89.512,81.704,85.675,80.594,86.813,75.713,57.014,42.932,33.5,29.256,26.632,36.185,32.9,34.248,35.608,28.982,32.824,39.486,49.548,77.117,94.658
2024-03-07,100.705,80.249,81.214,109.487,112.074,125.921,138.518,111.61,115.748,89.093,82.293,59.852,75.877,157.309,122.231,159.058,188.501,196.141,206.686,230.018,221.772,216.422,229.315,219.387
2024-03-08,220.779,218.476,208.248,188.562,184.859,176.918,167.895,162.548,154.495,145.046,169.418,156.251,105.257,86.635,88.468,161.261,232.709,229.783,220.996,216.188,193.329,191.558,196.66,198.224
2024-03-09,206.069,197.299,190.444,178.92,163.748,147.707,141.034,127.962,122.99,134.597,134.423,79.857,12.21,7.953,37.703,79.245,106.074,115.496,101.778,91.693,91.401,99.383,90.095,87.58
2024-03-10,89.753,73.771,78.235,76.827,78.266,67.058,54.08,53.095,33.147,27.337,17.657,7.2,4.353,4.17,7.366,13.12,5.287,0.678,0,0.225,0.025,0.628,3.6,5.709
2024-03-11,14.302,25.304,39.959,41.408,34.506,63.343,85.086,68.332,81.167,81.458,61.313,89.815,74.423,54.662,41.824,12.219,4.441,0.702,5.182,5.152,1.53,2.806,4.715,10.595
2024-03-12,13.69,23.928,37.99,54.104,69.121,83.287,46.186,39.221,38.026,31.671,39.084,52.058,82.28,93.067,125.495,160.999,194.593,214.304,214.606,220.185,234.802,210.383,238.055,225.973
2024-03-13,190.121,161.943,177.324,202.503,170.124,110.032,125.361,96.498,65.994,25.096,24.787,27.041,14.858,13.932,20.341,24.014,26.175,41.975,52.754,66.017,46.118,39.76,35.319,40.826
2024-03-14,42.419,35.14,20.408,19.644,29.353,22.97,23.624,15.996,3.697,0.376,0.136,0.644,2.767,6.676,4.165,3.974,3.039,1.669,0.53,2.525,3.59,5.7,11.711,11.176
2024-03-15,9.418,21.037,19.536,9.067,3.868,0.887,0.778,1.723,1.715,0.125,0.869,1.849,4.153,5.886,7.051,6.903,3.611,0.568,0.646,4.479,8.689,5.369,3.811,2.162
2024-03-16,0.801,1.015,0.253,0.058,0.264,0.168,0.23,1.222,0.631,0.247,6.008,19.494,20.728,32.904,33.715,34.824,25.517,28.742,53.545,46.253,33.843,25.451,38.732,42.311
2024-03-17,36.544,18.218,9.104,7.374,2.759,3.112,9.413,46.945,123.002,151.884,197.888,184.113,235.264,212.562,230.82,246.543,250.179,241.971,245.171,237.091,219.312,210.438,224.225,239.49
2024-03-18,240.099,236.03,231.869,188.725,180.782,152.441,133.578,99.11,53.015,29.72,21.632,20.959,16.07,17.548,13.178,13.398,22.863,9.288,2.598,7.409,11.277,3.072,1.247,9.541
2024-03-19,15.839,17.768,17.21,30.906,32.293,34.966,24.242,39.354,39.101,19.839,34.432,108.379,53.193,28.822,63.722,154.44,173.619,182.858,207.824,234.508,249.528,265.156,263.385,257.852
2024-03-20,260.241,247.415,227.629,204.278,194.415,207.348,223.242,247.733,252.591,255.206,234.661,145.199,61.237,39.08,93.161,154.584,213.299,225.679,205.935,183.752,159.913,125.987,121.165,104.71
2024-03-21,75.566,78.642,88.388,86.463,75.67,66.055,64.869,63.988,67.493,51.023,47.903,37.592,13.011,13.634,23.437,19.866,9.319,2.543,0.045,0.015,1.124,9.353,34.763,69.02
2024-03-22,79.957,63.984,77.822,69.715,73.862,89.069,124.277,152.034,163.487,205.782,132.881,56.455,30.774,118.211,222.953,231.897,226.292,245.927,222.668,216.35,212.515,207.185,213.085,206.319
2024-03-23,161.238,131.474,130.223,149.181,128.613,118.2,57.665,25.64,6.506,0.758,0.192,0.294,0.511,2.678,0.504,1.218,2.119,1.907,0.76,2.7,2.597,8.469,5.729,1.261
2024-03-24,1.953,17.875,33.773,36.548,47.654,74.376,67.957,67.502,76.74,79.855,76.283,75.605,68.375,64.389,60.261,60.237,81.648,100.052,90.557,75.578,61.76,63.293,52.962,37.405
2024-03-25,29.746,33.884,38.436,28.407,27.154,25.838,29.686,37.298,46.688,47.808,60.46,102.136,106.195,53.092,84.369,96.877,96.497,79.094,91.266,100.621,115.839,125.548,107.774,71.724
2024-03-26,83.073,106.515,80.423,95.468,44.897,65.265,246.58,198.098,93.773,115.642,168.693,211.195,209.421,199.913,202.04,198.143,203.907,163.552,64.672,34.546,33.313,21.819,19.879,13.651
2024-03-27,9.181,5.005,2.112,2.342,1.594,3.042,1.612,2.167,0.789,0.757,7.395,13.966,22.037,27.677,23.948,21.187,21.406,27.717,20.963,13.435,23.974,48.271,82.927,75.35
2024-03-28,57.329,40.231,63.395,89.369,89.897,84.985,120.025,173.856,222.092,246.301,227.182,221.499,209.194,202.012,146.532,79.874,83.634,135.592,182.422,165.967,201.62,219.269,202.585,178.703
2024-03-29,121.206,83.198,59.969,46.956,19.07,7.958,15.727,32.565,66.814,117.647,72.274,22.682,20.274,34.37,76.19,124.158,144.054,93.002,61.745,41.059,42.629,33.257,17.844,3.29
2024-03-30,0.692,2.422,1.011,0.188,3.283,21.664,76.485,103.635,127.835,115.032,49.162,18.252,15.863,7.166,6.539,30.525,59.116,50.352,39.893,34.542,23.119,17.842,17.189,14.485
2024-03-31,13.007,35.057,43.926,40.444,38.702,20.383,9.54,12.64,13.546,9.02,6.395,5.926,5.91,7.752,3.666,2.586,3.803,28.054,27.61,10.494,10.247,25.312,5.245,0.885
2024-04-01,1.977,12.989,37.071,36.477,24.219,14.385,8.248,2.343,1.277,2.256,3.811,2.276,2.58,2.333,7.046,1.548,0.256,1.102,0.89,22.197,32.85,42.597,65.456,87.973
2024-04-02,113.021,143.437,126.643,100.35,76.507,71.795,78.561,76.903,47.655,24.491,37.1,34.664,52.155,75.801,101.077,93.769,130.589,158.754,170.959,202.804,178.723,184.271,145.56,112.74
2024-04-03,100.321,127.755,30.832,54.816,82.131,16.822,18.709,49.097,58.603,46.716,32.514,26.24,21.133,25.635,26.151,14.141,15.812,24.031,16.726,39.164,65.623,80.722,71.107,43.831
2024-04-04,26.132,19.911,10.341,8.379,21.419,19.526,3.255,0.233,0.219,1.513,7.022,8.722,13.057,11.747,16.513,18.856,22.961,14.836,10.397,12.982,9.746,12.347,13.944,14.581
2024-04-05,16.372,14.008,20.327,23.853,18.128,29.269,35.494,33.938,30.346,38.752,44.141,42.201,47.856,43.232,38.061,33.439,34.175,33.049,24.574,33.802,13.734,6.092,8.608,20.542
2024-04-06,16.375,14.15,35.912,26.561,28.126,34.356,35.24,23.442,25.512,16.667,8.201,15.517,20.035,16.419,19.231,19.914,19.75,6.444,13.513,12.864,0.143,4.307,2.388,0.165
2024-04-07,0.047,1.764,2.277,3.417,16.915,18.526,16.55,18.39,12.972,4.84,6.843,2.338,1.985,3.631,4.299,1.537,0.758,1.127,0.062,0.215,0.366,0.347,0.145,0.042
2024-04-08,0.047,0.086,0.65,2.953,3.148,16.705,23.838,23.349,11.531,3.03,2.22,2.532,4.968,8.302,7.436,26.411,31.578,39.298,39.634,38.5,47.25,44.303,40.725,54.127
2024-04-09,76.988,40.669,33.384,15.355,8.261,15.803,31.215,23.614,5.004,0.468,6.957,35.947,53.153,51.565,47.445,39.085,39.131,31.4,24.839,24.353,23.461,20.551,31.368,29.686
2024-04-10,17.187,15.699,28.887,21.142,11.411,8.257,9.071,11.012,22.87,37.655,40.346,38.811,28.518,23.732,23.456,18.572,18.513,15.516,12.713,8.736,8.174,6.584,14.659,21.213
2024-04-11,19.322,21.714,11.629,15.712,12.317,8.657,14.206,49.342,54.064,43.117,33.147,56.29,62.157,36.049,35.613,31.836,19.418,9.194,10.867,5.999,25.843,31.583,34.947,30.598
2024-04-12,25.624,14.367,7.633,3.407,3.972,2.389,1.92,3.372,4.154,4.165,7.364,12.66,18.909,22.911,21.01,17.471,8.14,9.745,9.413,6.635,4.162,3.65,1.311,0.157
2024-04-13,0.052,0.162,0.194,0.63,0.229,0.2,0.377,0.041,0.059,0.468,3.858,6.465,5.323,10.852,10.152,8.831,7.529,4.422,4.142,4.545,5.598,8.802,12.701,29.653
2024-04-14,31.298,28.72,21.744,27.594,22.622,18.894,30.382,20.633,43.798,87.707,124.028,131.64,138.304,128.279,132.208,122.585,118.632,105.827,111.298,158.305,175.065,180.653,201.128,206.264
2024-04-15,221.283,208.303,202.782,221.395,186.734,179.987,190.241,135.702,160.967,167.141,108.149,65.339,28.432,26.515,33.815,33.817,43.123,36.515,70.051,92.868,61.207,46.386,30.103,27.174
2024-04-16,12.769,14.199,8.381,4.419,3.633,2.736,17.22,7.507,9.533,6.565,8.989,17.613,17.567,21.438,21.598,29.827,33.355,49.996,51.575,62.883,65.55,51.018,39.026,37.968
2024-04-17,29.324,26.333,7.351,3.735,6.303,5.751,8.983,8.584,5.927,5.371,2.774,5.222,4.63,1.497,2.33,2.732,0.983,0.978,0.191,0.146,0.167,0.366,2.627,5.971
2024-04-18,13.086,39.325,68.35,67.057,71.799,61.675,58.063,57.216,51.974,62.587,39.827,22.231,14.713,13.806,31.879,62.433,36.536,25.164,22.213,16.179,17.049,25.444,25.659,30.017
2024-04-19,34.413,23.639,13.23,7.058,3.259,2.679,0.866,1.769,1.593,1.745,0.729,1.356,3.065,12.426,16.08,8.434,12.298,16.91,34.364,55.659,68.168,78.93,74.039,58.158
2024-04-20,91.593,92.534,68.82,68.956,92.631,174.761,205.626,200.294,196.984,186.969,172.505,163.547,106.907,83.619,70.869,43.277,26.383,37.449,26.868,26.408,18.657,19.614,20.609,18.998
2024-04-21,14.053,8.191,4.009,8.057,10.328,7.983,1.953,0.686,0.114,0.171,0.374,0.61,0.232,0.099,0.078,0.077,1.042,3.552,5.432,3.88,15.009,13.12,9.543,4.266
2024-04-22,4.741,8.883,9.889,13.845,20.064,23.532,24.299,33.076,49.04,53.155,43.209,35.476,39.19,55.185,60.632,81.239,76.239,89.828,102.225,90.013,84.931,76.844,70.461,69.607
2024-04-23,71.587,68.167,70.508,72.738,79.049,86.122,94.827,99.856,91.407,97.941,95.241,96.904,89.849,79.755,74.936,58.279,35.546,40.221,46.44,33.247,19.922,12.252,10.931,9.732
2024-04-24,16.018,6.554,2.29,2.629,4.502,4.29,10.704,49.191,104.144,118.008,60.42,29.029,23.139,82.729,120.472,105.263,110.779,95.079,68.173,42.757,39.966,32.893,25.653,26.559
2024-04-25,42.3,45.884,53.202,78.266,55.336,50.403,35.569,22.755,12.506,10.426,5.196,5.198,3.993,5.891,5.965,7.346,3.585,1.484,1.129,0.305,0.078,0.369,1.549,0.853
2024-04-26,4.395,3.64,0.476,0.243,0.423,1.845,5.297,9.839,13.063,8.901,0.564,0.107,0.761,0.257,0.551,8.633,8.926,8.954,5.384,1.914,0.846,0.042,0.319,1.468
2024-04-27,1.513,0.311,0.797,5.99,12.133,18.701,20.992,4.759,1.806,7.474,10.446,6.763,4.263,5.556,2.454,0.959,2.559,2.348,0.961,2.043,3.383,6.417,7.529,3.565
2024-04-28,0.46,0.398,0.314,0.782,2.029,0.914,0.042,0.287,4.432,19.704,29.937,30.736,22.418,22.086,11.467,6.425,10.182,12.321,13.89,11.685,10.449,12.198,17.401,34.473
2024-04-29,76.179,94.004,61.919,50.658,44.761,38.437,21.307,47.3,21.582,39.552,44.147,54.91,57.897,86.489,82.323,67.991,72.859,78.886,82.747,108.647,133.842,144.738,123.246,81.884
2024-04-30,69.354,50.956,18.58,20.918,18.164,17.81,17.961,13.822,42.209,33.417,19.955,32.451,63.984,61.155,35.907,31.486,28.677,52.195,57.139,54.11,31.455,34.949,36.328,26.914
2024-05-01,25.612,33.747,29.62,22.873,32.869,35.437,35.624,20.184,12.5,59.586,104.151,108.735,85.256,80.891,68.412,82.316,71.464,54.902,44.84,47.274,55.552,54.207,44.498,40.167
2024-05-02,57.945,48.556,32.594,61.669,55.813,48.231,57.591,65.241,68.078,65.145,49.883,9.497,10.474,9.586,22.714,29.454,28.513,20.765,18.522,25.121,19.708,16.921,19.535,22.197
2024-05-03,35.319,46.442,44.211,39.307,51.203,46.61,50.324,33.65,21.941,20.976,28.841,11.077,4.508,10.229,15.045,16.187,23.563,21.599,12.985,1.943,1.563,7.697,9.834,3.528
2024-05-04,4.23,1.212,1.436,4.048,8.665,14.49,31.647,34.185,37.9,56.078,81.615,89.974,90.572,99.204,100.294,110.63,116.903,120.788,126.378,116.528,165.136,187.366,176.27,184.022
2024-05-05,175.189,187.192,200.192,222.079,248.294,240.541,225.878,238.48,214.862,209.098,229.447,224.292,249.093,235.359,218.987,233.19,241.54,249.946,228.148,230.473,197.946,141.951,94.035,60.837
2024-05-06,28.882,27.215,45.907,50.149,54.627,70.678,48.822,23.342,19.043,26.507,33.206,37.803,27.157,22.201,31.55,18.271,25.45,21.324,21.892,40.228,31.414,54.602,49.963,46.103
2024-05-07,53.614,71.372,58.199,61.34,81.03,89.476,96.898,113.591,150.522,119.389,53.738,30.343,25.513,34.595,73.911,126.688,154.762,139.158,98.973,93.76,107.543,96.772,69.346,68.421
2024-05-08,68.612,60.631,53.373,61.071,48.217,44.309,25.399,64.307,127.714,156.4,151.19,153.471,158.88,148.311,117.791,71.755,40.972,25.537,10.033,8.143,4.168,3.108,1.214,0.361
2024-05-09,0.127,0.113,5.292,9.602,13.367,18.841,44.725,33.847,31.946,19.833,10.546,4.746,8.251,10.138,6.363,10.053,14.312,17.35,17.987,14.777,12.065,9.186,7.699,5.198
2024-05-10,3.774,4.9,4.239,1.27,0.87,2.828,5.649,8.254,14.008,30.957,44.124,26.75,12.559,17.176,43.027,78.15,99.674,110.784,113.304,126.161,129.221,148.662,151.441,161.884
2024-05-11,161.496,173.878,181.052,190.468,183.151,161.373,179.411,204.036,205.64,190.633,219.256,238.551,224.631,217.786,204.827,174.949,192.201,213.533,171.482,181.876,168.562,142.225,156.229,154.321
2024-05-12,137.468,81.4,43.956,35.923,48.499,79.549,119.388,106.074,136.587,153.83,157.258,152.079,141.537,155.991,158.856,181.736,213.569,229.001,203.02,209.916,252.048,244.211,238.09,224.044
2024-05-13,212.606,206.332,177.259,158.949,143.31,120.184,114.454,76.595,56.068,43.071,35.74,9.565,10.734,8.428,8.754,19.852,10.871,6.975,5.332,11.61,18.176,17.83,8.333,5.451
2024-05-14,5.156,3.645,6.287,15.02,10.382,7.872,3.678,0.648,0.096,0.057,0.121,1.222,1.534,1.406,2.962,3.083,1.667,0.988,0.342,0.469,0.228,0.464,1.599,3.31
2024-05-15,5.606,4.751,8.306,7.814,7.772,19.012,10.196,16.002,15.508,17.263,8.401,16.33,39.324,45.024,61.719,201.158,255.711,266.383,276.749,271.402,242.119,230.392,235.097,244.215
2024-05-16,262.987,259.756,267.586,277.071,268.728,249.86,238.434,194.652,184.046,121.843,55.181,26.784,21.474,17.375,38.159,102.78,161.816,164.801,118.133,97.602,77.57,60.464,71.533,61.422
2024-05-17,53.177,80.201,116.57,122.842,130.099,100.086,90.436,81.926,85.571,49.721,9.153,22.405,23.959,14.699,16.049,86.898,85.894,85.572,90.194,82.595,91.088,90.845,102.846,89.292
2024-05-18,78.139,72.275,81.594,90.712,61.783,59.702,43.844,23.134,29.101,29.284,27.441,13.732,6.493,9.719,9.95,13.403,12.699,14.75,14.211,12.879,23.213,21.887,20.184,36.485
2024-05-19,35.989,27.776,22.641,17.149,14.047,11.676,3.788,1.901,1.436,4.035,6.282,8.864,10.187,9.938,10.914,11.611,3.287,1.927,0.722,1.79,0.737,0.259,0.878,0.445
2024-05-20,2.423,1.728,0.885,3.514,2.561,5.779,1.3,1.298,1.19,7.142,13.909,12.147,8.128,5.122,3.286,1.727,1.891,1.98,5.738,15.289,25.616,32.051,25.171,22.159
2024-05-21,20.165,28.22,11.919,8.294,6.642,6.071,8.282,9.648,11.05,17.558,34.386,49.373,49.709,56.152,62.09,54.968,45.048,34.204,29.997,15.949,9.188,13.101,10.753,9.466
2024-05-22,11.043,10.834,9.557,10.767,15.044,7.572,6.07,4.269,5.7,9.989,14.733,16.463,12.549,13.713,12.142,8.452,3.876,4.054,2.563,0.844,1.21,1.119,0.528,0.115
2024-05-23,0.129,0.551,0.053,0.042,0.484,0.451,0.223,1.109,1.408,0.637,0.062,0.77,0.286,0.566,2.198,3.666,4.621,5.962,5.779,9.733,22.276,32.164,47.314,49.761
2024-05-24,61.356,69.227,48.244,59.883,59.715,63.92,68.937,51.612,47.646,50.882,63.472,42.343,16.533,16.534,16.275,7.276,7.438,6.806,5.425,3.253,2.189,3.259,6.643,9.708
2024-05-25,6.68,3.468,4.533,5.842,7.737,7.431,14.938,27.334,31.927,38.331,36.37,27.556,16.52,17.243,17.92,61.373,68.559,63.104,45.555,25.019,24.376,28.107,36.959,30.087
2024-05-26,40.187,57.724,63.893,72.971,98.387,82.875,55.957,57.398,83.589,102.37,111.287,115.1,146.497,155.334,129.731,99.542,99.818,78.695,71.202,80.787,55.229,47.495,28.946,49.323
2024-05-27,46.459,66.605,76.928,95.079,87.968,87.297,149.748,160.895,167.808,151.645,144.662,113.656,89.299,70.371,63.234,51.382,85.061,85.049,99.839,116.139,98.679,102.569,110.102,130.508
2024-05-28,113.441,91.911,101.237,157.187,176.03,178.67,148.219,139.745,158.288,125.346,67.979,30.005,14.643,13.464,34.611,45.79,38.111,34.871,34.578,31.165,17.715,16.159,1.166,0.047
2024-05-29,0.041,0.043,2.922,4.175,0.259,1.563,5.389,0.973,0.122,1.792,2.33,4.215,4.727,8.459,8.668,6.72,2.412,0.199,0.114,0.104,1.036,2.061,1.336,1.916
2024-05-30,1.819,1.672,0.209,0.272,0.221,1.197,1.923,1.999,6.359,22.517,27.158,13.216,7.385,10.627,7.198,6.361,4.665,3.33,2.761,1.799,0.045,1.592,8.294,8.791
2024-05-31,2.176,5.07,6.398,7.428,3.953,3.29,2.095,2.787,0.18,0.096,0.221,0.654,0.173,0.244,0.882,4.035,3.278,2.087,1.357,14.249,55.41,65.273,54.736,72.927
2024-06-01,76.845,74.799,60.675,66.956,66.071,67.559,53.815,37.809,49.339,78.963,78.658,55.357,36.91,11.613,14.571,106.814,138.51,122.038,124.918,131.672,114.477,143.156,138.925,121.292
2024-06-02,140.189,155.143,154.561,175.656,163.399,147.743,110.475,56.489,47.297,32.564,24.806,10.399,6.102,11.202,32.6,33.086,27.847,32.308,32.407,40.205,48.513,60.479,65.084,59.298
2024-06-03,59.756,54.151,47.707,41.954,36.348,28.724,22.202,9.411,5.439,2.624,4.06,9.566,14.749,12.254,13.312,11.135,10.688,9.966,9.781,10.388,16.166,18.953,17.046,11.64
2024-06-04,13.732,9.74,5.888,2.312,5.689,5.04,2.429,5.466,17.129,26.764,29.59,36.023,41.094,49.594,46.135,36.015,23.282,10.621,1.521,0.252,0.613,0.188,2.28,5.345
2024-06-05,7.315,7.975,13.633,17.042,13.952,19.533,21.866,28.997,46.634,54.848,67.36,64.661,41.452,30.662,23.331,24.825,44.625,23.66,8.596,2.527,12.2,23.466,14.953,0.922
2024-06-06,1.665,6.216,5.53,5.589,1.09,5.859,7.765,1.466,4.998,7.243,9.47,1.596,0.699,1.958,8.436,13.262,11.834,15.409,9.323,5.556,4.147,30.664,32.327,19.328
2024-06-07,19.789,15.261,5.292,0.821,5.237,2.051,2.882,1.199,1.144,7.161,18.334,23.376,32.136,41.406,42.95,44.225,41.228,47.035,46.478,39.989,43.304,59.119,69.665,76.535
2024-06-08,84.637,77.503,56.952,73.108,53.697,28.803,38.343,57.67,66.789,72.32,55.331,42.318,15.796,2.918,5.314,5.208,11.551,8.879,12.539,19.052,23.722,29.686,39.54,43.519
2024-06-09,51.341,49.717,66.872,122.897,151.107,159.428,138.95,114.433,86.225,61.494,43.751,30.488,42.708,24.811,21.638,27.111,20.697,15.617,9.557,11.763,20.823,28.13,31.822,31.435
2024-06-10,23.373,9.674,9.896,7.3,6.795,5.812,3.037,4.101,3.839,3.97,5.033,2.634,2.59,4.844,8.818,11.694,8.368,13.236,11.103,5.619,5.459,9.712,9.61,10.578
2024-06-11,7.739,3.581,0.907,0.079,0.157,0.054,0.438,0.105,0.051,0.1,0.048,0.061,0.22,0.191,0.397,0.316,0.398,0.041,0.045,0.176,0.711,2.406,3.569,10.294
2024-06-12,7.808,6.426,11.259,12.801,6.143,4.257,4.192,3.258,2.914,2.612,6.164,7.984,12.47,9.343,2.737,1.847,4.516,6.241,1.995,0.179,0.468,4.017,1.454,1.728
2024-06-13,2.713,10.438,13.271,6.98,10.939,12.284,2.199,0.119,1.362,0.309,0.17,0.152,1.67,2.681,1.325,3.108,1.92,0.961,0.047,0.119,1.64,3.294,2.044,4.27
2024-06-14,6.327,5.075,3.864,4.887,9.562,23.145,9.845,0.578,1.574,5.258,15.12,18.378,19.844,24.553,20.26,15.499,24.685,39.346,37.583,16.123,15.866,21.164,6.794,16.571
2024-06-15,9.973,7.473,6.144,6.556,6.199,10.562,7.908,0.642,0.687,2.677,6.095,3.55,3.07,1.533,1.808,2.487,1.77,0.923,0.303,6.481,16.633,24.511,20.566,20.297
2024-06-16,42.874,46.454,19.119,11.814,10.367,23.429,26.474,23.463,31.295,31.399,29.307,24.051,20.398,24.32,27.182,21.775,14.795,10.805,18.799,40.579,43.47,36.635,32.251,15.949
2024-06-17,9.674,8.84,6.692,6.651,3.847,11.237,23.41,27.07,17.009,1.683,0.546,5.69,6.61,6.786,13.775,13.45,4.562,5.225,4.265,0.22,0.128,6.124,13.376,22.968
2024-06-18,45.628,59.982,62.421,69.65,58.194,71.045,89.583,92.543,88.667,80.696,69.434,47.382,49.375,50.727,49.51,45.707,27.788,25.647,16.231,25.549,25.477,26.064,19.623,12.604
2024-06-19,6.257,6.163,4.847,4.098,2.178,0.728,1.95,5.353,9.813,18.329,31.952,46.923,49.515,39.841,35.807,26.848,27.432,33.775,35.382,41.944,55.547,57.362,72.714,83.658
2024-06-20,67.643,54.647,57.647,37.43,45.918,72.462,84.324,80.394,101.497,102.073,124.396,140.555,130.284,95.644,99.512,151.82,151.32,83.314,31.12,36.293,39.986,40.374,41.759,35.736
2024-06-21,22.037,7.344,6.07,6.028,3.35,5.979,6.637,9.882,11.402,8.908,8.092,4.39,9.5,20.265,23.651,14.416,15.334,16.144,26.276,19.883,26.937,25.221,20.758,24.015
2024-06-22,24.306,24.353,35.858,48.787,61.368,84.756,90.384,84.102,98.856,118.223,140.923,108.172,79.359,91.471,113.241,122.452,130.495,135.045,135.707,131.496,125.951,123.32,113.992,108.84
2024-06-23,126.073,101.538,89.863,88.024,47.998,26.11,6.469,8.559,6.978,8.595,7.869,14.994,14.406,10.922,11.886,7.637,5.1,11.088,15.902,7.681,4.594,6.351,21.646,51.77
2024-06-24,38.529,26.729,15.867,16.355,21.559,29.984,20.867,20.722,14.585,4.879,2.751,17.046,40.349,41.106,30.868,48.326,46.44,36.161,23.621,18.481,24.055,23.061,22.404,19.173
2024-06-25,11.518,11.681,9.126,10.307,10.873,12.016,14.058,21.341,15.772,15.003,22.388,16.707,13.724,8.169,0.919,0.486,0.241,0.513,0.206,1.469,7.361,9.317,9.232,8.148
2024-06-26,2.178,12.211,7.998,3.404,1.94,0.482,1.347,0.813,0.312,0.079,0.357,0.061,0.492,0.153,0.203,2.781,2.476,1.752,0.839,0.076,0.066,0.051,0.041,0.067
2024-06-27,0.901,1.885,0.46,0.566,1.217,4.214,13.644,11.57,14.674,22.102,42.655,78.642,56.207,31.018,19.096,11.825,13.992,18.205,22.297,18.328,12.298,44.7,43.866,33.79
2024-06-28,14.33,7.715,3.003,0.339,2.644,4.066,5.714,4.547,3.478,5.412,4.618,1.901,3.828,6.872,12.655,8.469,7.409,18.552,27.007,22.534,13.821,14.183,11.578,20.134
2024-06-29,33.803,47.308,52.567,53.714,31.513,41.672,67.973,98.678,118.688,126.197,129.061,112.706,152.708,183.375,191.973,183.5,205.55,213.375,208.214,218.621,212.942,219.947,229.267,216.735
2024-06-30,232.903,237.558,236.961,234.456,236.288,224.566,213.672,207.706,192.398,192.429,175.176,154.088,140.254,128.162,122.392,108.276,124.109,134.953,134.318,97.748,74.118,61.748,52.424,49.798
2024-07-01,44.831,58.484,31.252,10.546,10.983,24.531,13.65,6.761,2.15,1.673,1.528,0.26,0.387,1.494,3.073,9.504,16.504,18.956,26.626,47.771,62.545,68.933,100.195,139.116
2024-07-02,169.57,180.788,179.29,182.286,181.727,188.355,187.64,198.064,208.593,222.974,197.455,189.717,208.034,219.008,229.681,236.235,228.553,224.773,203.682,202.896,201.579,204.997,202.887,187.688
2024-07-03,200.014,202.842,187.325,194.347,158.451,133.1,122.438,102.824,100.907,98.263,96.463,98.194,96.618,95.877,67.649,53.568,43.369,33.315,25.183,20.68,18.561,11.58,15.505,15.451
2024-07-04,21.065,25.817,21.69,24.893,19.474,13.701,19.741,19.046,26.765,34.237,49.413,53.579,78.297,94.141,107.782,97.436,93.896,97.787,98.423,110.103,142.607,140.29,130.705,116.348
2024-07-05,118.385,85.144,77.434,73.683,68.142,39.612,19.49,8.02,4.218,4.589,9.052,13.417,12.513,10.862,12.17,9.867,10.312,13.96,30.702,57.961,65.379,57.661,72.985,89.371
2024-07-06,103.113,105.967,124.699,140.959,149.134,158.456,177,180.509,174.402,172.683,187.899,187.654,188.728,178.207,165.406,149.065,152.358,148.595,162.339,160.776,138.888,124.125,146.499,131.979
2024-07-07,134.442,142.298,117.459,144.591,158.913,156.747,145.229,139.733,138.271,160.542,146.82,137.651,129.624,127.265,107.735,106.06,104.415,90.675,78.984,82.757,78.314,93.382,103.213,110.68
2024-07-08,121.108,123.269,114.929,116.744,132.738,118.559,119.222,131.65,129.089,151.083,154.932,147.144,138.837,137.706,132.156,123.684,112.617,96.914,86.636,86.95,92.416,101.433,128.394,131.616
2024-07-09,129.782,133.511,115.906,109.974,127.629,117.044,116.841,121.806,128.472,127.203,140.468,139.905,145.018,139.111,140.653,142.666,151.847,148.912,156.899,159.217,165.026,195.315,211.498,207.364
2024-07-10,213.297,207.526,195.07,197.676,196.095,185.142,174.841,150.279,147.24,92.235,56.822,39.425,63.372,55.206,58.229,55.926,19.251,12.447,41.272,64.217,40.682,15.993,27.686,49.457
2024-07-11,56.068,49.854,31.465,25.424,23.513,8.9,1.751,0.858,0.565,0.399,0.169,0.134,0.938,2.074,2.24,2.171,1.337,0.471,3.89,1.999,1.362,1.289,6.605,0.474
2024-07-12,0.988,8.711,7.669,7.795,9.07,2.491,2.148,4.409,6.889,0.707,0.585,2.189,0.523,0.137,0.057,0.17,0.172,0.09,0.045,0.573,0.883,0.477,0.143,0.494
2024-07-13,0.122,0.246,0.067,0.047,0.573,0.739,0.521,0.073,0.748,4.098,13.702,13.155,17.311,22.09,37.395,34.643,66.268,78.974,66.965,69.236,121.084,136.303,123.981,89.957
2024-07-14,36.527,19.112,15.335,24.227,27.576,40.33,38.724,38.254,43.415,52.378,68.15,46.163,42.023,52.425,46.566,26.673,18.606,5.741,0.908,0.707,7.698,7.559,4.771,3.603
2024-07-15,2.386,1.319,0.185,0.264,0.604,0.204,0.54,1.574,2.509,0.735,0.954,1.926,6.784,12.412,15.213,18.555,8.866,10.119,17.339,51.346,110.351,120.152,129.66,148.373
2024-07-16,133.393,142.59,172.824,159.06,166.067,120.128,84.456,74.898,71.926,80.498,84.975,99.262,113.202,117.65,114.409,120.69,109.465,94.646,92.015,117.309,145.216,130.755,124.086,136.742
2024-07-17,132.414,122.482,103.696,109.664,123.013,103.444,102.817,133.707,151.309,141.723,146.204,152.799,153.252,122.935,142.368,148.759,139.836,143.821,147.624,169.695,160.285,153.518,183.771,195.543
2024-07-18,194.205,198.722,210.511,207.634,190.833,174.626,157.047,170.41,152.1,160.051,155.642,142.018,123.79,112.085,95.761,67.115,56.479,44.907,26.118,18.416,19.405,6.542,28.002,69.883
2024-07-19,67.226,51.527,54.434,60.995,89.869,55.374,58.314,90.088,50.408,49.908,43.083,72.895,40.177,59.547,91.785,89.948,33.551,10.08,6.699,22.856,32.818,22.521,30.174,51.642
2024-07-20,64.285,89.233,107.853,112.819,124.731,129.249,139.995,139.441,132.952,115.368,121.748,115.37,134.724,150.424,151.501,163.209,171.762,177.341,162.326,132.036,148.134,152.038,124.152,124.137
2024-07-21,131.474,138.821,151.843,116.502,92.561,44.498,12.633,4.734,7.835,12.519,33.147,56.819,91.155,106.474,94.227,105.745,90.484,66.176,66.194,73.765,78.353,92.218,89.45,86.626
2024-07-22,100.995,117.597,107.585,73.447,70.544,66.532,76.563,75.759,93.87,98.254,97.547,115.164,117.189,101.318,78.159,81.627,105.416,101.199,108.537,156.654,171.117,153.788,152.823,193.678
2024-07-23,203.079,190.693,142.741,94.603,67.41,66.96,87.13,107.964,96.146,84.434,109.266,110.413,103.862,113.499,100.071,98.28,105.045,112.152,116.86,84.21,90.455,128.575,153.037,138.461
2024-07-24,99.998,58.421,59.51,77.759,77.805,55.359,42.991,45.121,66.608,59.409,44.258,57.969,53.527,72.306,89.158,78.14,62.572,63.801,68.327,54.853,41.505,58.589,66.25,76.007
2024-07-25,87.571,77.916,47.826,44.594,38.486,50.331,67.451,83.076,104.963,120.18,119.634,131.7,145.96,162.016,180.706,186.414,187.896,177.111,169.333,154.593,130.246,109.838,117.649,130.319
2024-07-26,147.594,180.479,189.12,181.871,203.037,191.491,174.468,175.596,172.048,173.379,162.797,155.298,198.433,199.119,194.897,200.744,165.754,161.973,186.469,181.227,181.458,160.834,177.351,179.808
2024-07-27,155.67,179.44,170.363,184,196.917,178.994,176.303,179.615,217.701,207.446,213.212,199.501,204.175,194.677,181.181,183.49,173.019,169.438,148.708,144.408,140.49,151.978,153.637,164.948
2024-07-28,140.941,132.123,132.425,139.001,148.69,136.381,129.182,145.222,169.052,173.705,162.294,145.938,140.268,131.654,126.902,92.279,59.425,53.084,58.448,61.349,73.534,55.316,65.357,81.762
2024-07-29,66.031,54.636,49.388,59.042,71.77,72.909,41.002,36.344,47.63,42.896,33.07,39.993,39.269,26.89,11.067,7.597,6.295,10.225,9.625,9.999,9.796,9.507,7.612,4.763
2024-07-30,2.882,3.542,3.771,4.066,1.479,2.616,2.642,4.267,10.374,12.444,9.933,10.021,13.476,9.988,8.522,6.203,8.918,12.635,14.607,10.42,5.349,4.719,10.933,14.529
2024-07-31,20.366,18.676,14.804,14.12,17.556,13.195,7.741,7.059,8.239,10.45,18.151,23.708,32.987,38.087,42.201,44.162,44.465,45.075,39.11,39.208,51.154,52.025,61.013,65.43
2024-08-01,71.137,53.73,39.595,29.823,23.756,26.611,25.16,23.625,41.563,41.091,47.429,51.711,54.365,46.392,38.4,31.324,37.379,42.175,41.621,34.891,39.549,52.415,63.458,63.868
2024-08-02,59.648,54.663,51.437,37.583,32.399,15.385,8.649,3.61,1.884,2.978,3.602,3.757,3.019,4.261,6.438,1.928,1.539,5.538,5.388,3.806,3.778,7.254,10.079,14.97
2024-08-03,16.398,16.786,12.987,9.972,4.72,1.538,1.062,0.185,0.062,0.667,1.743,2.734,1.157,0.465,0.136,0.281,0.12,0.046,0.046,0.045,0.159,0.127,0.498,0.871
2024-08-04,0.809,0.918,0.927,2.71,6.259,7.824,5.056,0.802,0.447,0.272,0.261,0.696,0.597,1.002,0.291,0.41,0.281,0.16,0.123,0.068,0.162,0.351,1.05,0.168
2024-08-05,0.046,0.579,3.881,2.884,2.28,1.931,2.534,1.478,1.197,1.023,2.467,8.601,16.35,15.222,12.071,11.308,4.452,4.883,7.617,2.767,0.046,0.057,5.988,12.141
2024-08-06,9.943,10.614,5.349,6.747,5.675,8.878,3.373,1.438,1.678,2.266,10.706,13.518,12.3,8.05,5.063,5.649,9.966,3.905,1.549,2.975,5.347,5.903,4.433,1.264
2024-08-07,0.265,0.059,0.071,0.054,0.045,0.047,0.052,0.047,0.058,0.408,1.73,3.906,7.475,9.451,6.354,4.145,2.212,0.62,0.039,0.259,1.278,1.947,1.352,7.933
2024-08-08,15.354,15.933,15.434,15.431,10.401,6.825,3.794,1.259,1.269,1.798,0.53,0.49,6.466,8.454,2.485,2.276,5.306,8.596,8.052,1.508,1.774,2.664,4.051,3.118
2024-08-09,3.333,9.262,6.627,7.421,2.656,1.285,10.496,3.692,0.352,0.154,0.104,1.413,2.064,1.45,1.084,0.702,0.391,0.047,0.046,0.045,0.047,0.045,0.041,0.052
2024-08-10,0.045,0.047,0.046,0.043,0.051,0.046,0.047,0.045,0.109,0.187,2.077,4.938,9.27,7.897,7.127,8.963,4.475,4.74,4.214,1.979,3.044,3.16,7.06,6.048
2024-08-11,5.92,2.426,5.044,4.881,5.585,11.839,10.655,6.437,2.086,2.102,6.371,17.485,22.352,24.156,15.381,15.889,13.487,10.32,9.27,9.266,10.397,12.063,12.282,12.958
2024-08-12,10.228,7.933,4.983,2.508,0.623,0.218,2.38,2.298,3.807,8.209,8.236,9.562,12.46,12.455,10.759,20.97,23.422,21.991,16.401,2.786,2.888,2.409,3.78,3.5
2024-08-13,5.582,8.431,9.913,11.484,12.413,13.826,17.395,28.1,37.498,44.075,51.864,41.707,42.992,44.064,46.672,49.202,53.044,41.466,25.422,21.732,17.463,19.043,16.23,12.731
2024-08-14,11.674,2.356,4.241,3.343,6.593,19.86,19.634,28.367,32.53,40.86,41.033,42.157,26.041,25.308,23.767,23.783,18.702,5.709,2.552,2.654,1.365,5.237,1.104,1.708
2024-08-15,6.762,2.258,24.01,5.967,0.555,2.367,4.175,3.999,7.218,8.295,14.649,10.869,11.565,16.416,15.745,13.404,4.474,0.539,0.849,1.823,0.903,2.669,2.607,2.039
2024-08-16,4.291,36.383,1.563,5.742,7.927,7.844,11.626,3.802,2.144,3.487,7.506,9.17,6.206,3.001,5.496,7.657,4.151,5.147,2.49,2.179,0.19,0.127,0.052,0.045
2024-08-17,0.052,0.098,0.369,0.806,1.124,2.734,1.35,2.092,5.178,15.837,25.627,33.239,30.226,15.617,4.432,6.218,10.616,14.528,18.463,6.72,1.076,5.158,4.485,2.719
2024-08-18,4.303,4.44,1.618,3.587,4.203,6.419,13.588,14.826,13.499,17.867,30.436,50.586,60.178,55.157,55.347,33.066,29.635,28.869,29.455,24.413,14.073,13.449,15.54,8.243
2024-08-19,2.896,1.298,1.691,1.366,3.655,6.817,11.761,7.564,7.093,15.871,17.068,18.17,18.084,18.591,14.782,10.627,13.915,18.988,11.598,8.185,5.484,8.617,4.457,4.176
2024-08-20,2.428,4.439,6.506,12.953,10.787,24.186,55.343,67.829,88.961,136.988,162.479,166.552,202.614,229.236,198.293,207.39,220.048,215.914,223.602,210.738,191.057,161.998,144.475,115.27
2024-08-21,105.94,97.666,91.99,106.783,115.511,125.069,132.759,129.44,133.882,134.129,116.211,94.43,81.985,94.481,101.829,95.338,116.006,108.647,89.058,81.25,76.768,66.762,68.175,72.762
2024-08-22,74.009,109.804,110.057,116.872,119.629,144.299,147.26,158.383,169.244,186.102,164.209,142.725,134.498,87.449,59.847,34.424,23.066,25.419,20.359,3.711,2.415,3.797,1.583,2.029
2024-08-23,3.649,3.083,3.399,5.078,9.574,9.826,6.649,5.618,0.506,0.616,0.615,2.13,3.47,4.887,2.749,0.54,0.335,0.08,0.045,0.045,0.029,0.046,0.051,0.048
2024-08-24,0.04,0.082,0.134,0.066,0.047,0.046,1.184,0.205,0.047,0.055,0.06,0.599,3.863,3.784,1.565,0.806,0.848,0.568,0.637,0.212,2.059,0.437,1.059,1.14
2024-08-25,0.05,0.994,5.959,6.981,4.137,4.432,6.949,0.992,0.741,1.877,3.96,2.956,9.716,9.935,5.075,1.977,1.618,0.132,0.843,0.725,1.251,9.446,6.695,3.089
2024-08-26,1.377,8.809,3.029,1.583,0.721,1.099,0.582,0.095,0.059,0.046,0.131,0.356,1.147,1.656,2.492,2.864,3.812,5.522,2.811,0.668,0.12,0.046,0.047,0.046
2024-08-27,0.153,0.087,0.468,2.463,2.956,2.997,3.059,1.679,2.018,1.661,3.849,9.955,17.983,30.684,27.708,23.826,28.831,38.963,41.518,49.299,72.101,92.113,120.638,123.297
2024-08-28,131.234,148.316,183.512,152.24,154.276,170.705,175.868,176.051,170.909,169.011,158.72,176.784,182.161,189.85,195.209,197.061,204.889,202.898,192.273,212.147,220.435,216.155,203.658,197.18
2024-08-29,185.882,197.359,175.173,145.528,164.269,174.938,171.834,155.912,146.086,132.76,150.194,126.43,114.291,114.223,119.659,122.454,111.078,94.089,96.711,88.672,84.801,73.838,59.743,54.206
2024-08-30,51.516,54.651,47.916,49.286,50.001,47.041,65.867,71.539,73.4,81.771,83.389,116.402,148.763,167.391,184.613,178.57,168.829,154.406,146.152,153.481,154.615,148.25,161.981,135.01
2024-08-31,125.156,143.861,136.93,132.362,137.155,101.018,72.092,87.448,122.688,138.612,105.255,81.077,64.034,80.595,96.466,73.309,65.016,53.331,40.145,19.14,10.194,4.96,1.896,0.719
2024-09-01,0.888,2.119,1.219,0.622,0.184,0.124,0.291,0.046,0.049,0.059,0.451,1.579,3.177,4.952,2.42,0.376,0.37,0.207,0.457,1.362,2.485,3.317,5.773,5.66
2024-09-02,1.704,2.44,6.708,7.354,1.23,0.454,0.125,0.058,0.052,0.1,0.069,0.647,0.475,1.152,0.753,0.88,0.144,0.259,0.131,0.04,0.367,0.935,2.02,1.173
2024-09-03,1.198,2.54,2.915,2.994,4.192,7.398,10.356,12.536,6.571,0.965,1.569,8.858,11.697,23.916,45.237,62.621,57.804,30.734,36.772,36.81,30.986,15.942,16.726,36.115
2024-09-04,54.407,40.379,47.944,38.783,39.636,32.584,25.748,32.11,36.227,59.93,65.926,78.86,87.36,90.073,91.785,74.183,66.561,50.927,28.945,18.915,6.93,3.377,2.277,9.194
2024-09-05,11.449,8.738,4.039,2.561,3.249,3.128,2.613,1.411,0.673,1.175,1.168,2.662,5.855,6.196,3.215,3.066,1.703,0.185,0.089,0.046,0.029,0.046,0.075,0.42
2024-09-06,1.048,0.216,0.047,0.045,0.048,0.045,0.048,0.046,0.047,0.057,0.121,0.797,8.532,12.277,5.627,6.089,6.526,1.834,0.417,0.39,1.093,0.691,3.271,3.38
2024-09-07,7.631,10.772,8.022,4.247,4.256,3.067,8.19,7.209,5.558,3.969,3.756,7.217,11.923,15.054,19.497,5.45,3.121,3.72,7.849,2.293,0.048,0.052,0.08,0.092
2024-09-08,1.687,1.528,0.923,0.048,0.096,0.133,1.823,0.718,2.098,1.681,0.759,1.761,4.157,5.128,4.575,2.615,0.2,0.214,0.263,0.238,0.652,0.22,0.048,0.047
2024-09-09,0.046,0.048,0.246,2.194,2.446,6.239,7.569,8.992,10.604,22.391,42.653,46.028,69.705,76.733,71.185,73.933,69.838,62.901,68.767,64.72,48.681,34.109,37.331,23.556
2024-09-10,22.384,17.034,40.51,61.77,58.931,63.621,81.946,81.52,94.659,97.737,101.901,96.606,93.562,108.373,106.535,119.3,98.136,92.375,81.49,74.742,63.136,91.924,101.098,77.427
2024-09-11,53.3,50.366,38.04,31.122,34.576,44.972,45.201,40.833,39.811,50.165,71.338,99.883,78.825,51.021,47.242,73.737,97.395,59.605,58.706,90.228,100.498,90.496,68.638,95.461
2024-09-12,72.627,55.816,62.516,70.301,63.992,58.41,46.078,31.721,42.114,59.753,56.418,59.377,50.692,40.268,43.398,27.879,24.069,23.173,21.383,25.227,12.366,7.133,9.042,5.625
2024-09-13,6.899,13.992,19.049,8.071,4.511,2.01,1.288,2.519,0.133,0.13,0.94,1.135,2.025,3.597,1.293,0.424,0.559,0.462,1.112,1.146,0.053,0.053,0.427,0.813
2024-09-14,4.257,6.992,12.559,10.664,8.728,9.017,13.34,16.554,12.919,16.968,23.418,34.437,39.072,51.238,46.107,45.539,46.696,52.718,50.101,38.685,47.05,59.012,69.019,64.656
2024-09-15,61.5,58.647,63.725,52.804,77.012,89.611,95.2,97.412,144.488,144.304,134.453,136.239,121.31,126.122,115.827,109.995,105.917,99.174,105.485,93.244,91.088,105.451,124.997,132.387
2024-09-16,126.739,143.718,127.149,93.437,67.432,49.823,57.492,39.984,42.084,40.45,16.715,15.705,14.267,26.405,13.132,25.158,25.254,20.731,17.609,15.781,15.604,20.735,10.571,12.49
2024-09-17,12.673,7.133,5.016,7.364,6.07,3.306,3.933,3.313,2.499,1.436,0.113,4.238,4.831,0.534,0.424,0.317,0.398,0.259,0.152,2.444,7.319,4.186,1.46,1.13
2024-09-18,0.674,0.41,1.817,1.846,1.661,3.371,1.516,1.823,1.849,2.788,8.263,13.757,15.567,15.006,16.059,30.586,33.158,22.297,20.763,9.229,11.233,9.176,6.835,14.775
2024-09-19,27.209,35.947,36.806,42.353,36.128,40.793,37.274,42.324,61.663,91.694,125.194,147.286,151.1,149.664,157.611,130.402,137.079,153.754,122.62,162.449,115.939,139.839,172.098,164
2024-09-20,197.563,233.54,231.426,222.253,218.503,167.586,150.819,188.58,195.094,203.035,234.779,198.005,228.692,223.554,219.697,217.208,182.954,167.028,165.43,167.325,188.633,174.159,181.586,184.132
2024-09-21,187.432,216.369,219.689,226.6,211.083,192.771,187.052,196.657,216.499,192.315,202.982,220.242,243.805,257.163,254.15,252.434,225.952,179.358,88.274,85.004,141.755,159.837,169.669,195.322
2024-09-22,184.241,180.643,152.901,140.065,144.209,135.971,156.086,162.482,153.392,128.299,122.065,113.509,87.554,99.964,98.695,106.344,117.031,111.615,113.98,122.589,114.257,98.235,92.728,95.694
2024-09-23,117.749,150.136,162.27,187.866,176.3,165.094,167.109,170.798,175.34,175.605,175.206,162.265,170.943,164.05,160.644,139.424,118.333,120.397,114.314,105.465,117.105,102.115,92.144,91.006
2024-09-24,82.477,79.254,76.054,67.381,64.446,54.587,49.71,51.549,50.832,55.477,56.086,78.031,98.178,99.832,87.124,91.541,104.339,85.302,69.715,67.177,56.34,55.949,58.469,57.731
2024-09-25,69.985,72.518,59.758,60.38,38.661,47.768,53.958,47.038,62.246,77.431,80.046,80.557,86.344,84.644,76.53,41.951,19.43,12.996,11.716,1.754,2.636,2.951,6.497,9.776
2024-09-26,5.226,6.593,8.74,1.704,2.836,10.98,17.509,16.494,12.009,11.114,10.557,26.148,26.907,19.745,19.881,20.897,15.007,9.16,10.017,17.927,21.689,24.537,32.966,48.602
2024-09-27,61.913,68.029,66.056,66.115,67.247,63.371,58.434,54.851,71.942,88.242,95.338,89.587,70.976,65.573,55.033,46.127,59.6,48.383,49.297,42.837,36.59,25.092,24.554,10.747
2024-09-28,11.374,7.187,8.596,12.558,22.46,43.072,50.934,71.638,104.1,115.443,111.535,119.868,115.697,115.303,133.784,135.017,143.644,139.608,130.613,123.365,113.462,111.329,116.05,118.842
2024-09-29,125.315,124.263,124.153,110.846,120.776,136.286,154.516,161.426,175.244,172.874,176.323,173.597,168.966,153.737,157.237,153.979,151.985,133.225,121.513,116.378,106.957,109.921,108.277,93.695
2024-09-30,76.941,65.688,60.185,61.919,73.734,71.527,70.6,61.815,68.095,66.488,47.305,23.482,27.873,34.2,31.957,26.06,27.132,20.049,12.814,7.539,3.591,0.199,0.136,0.048
